FID,OBJECTID,SHAPE,BEZEICHNUNG,ORTSBESCHREIBUNG,TYP,TYP_TXT,SE_ANNO_CAD_DATA
DONAUINSPKTOGD.74911,74911,POINT (16.35748544128434 48.28129508663058),Flachzugang Donau,"Linkes Ufer Donau, FKK-Zone im Bereich zwischen Einlaufbauwerk und Jedleseerbrücke",-1,Flachzugang,
DONAUINSPKTOGD.74912,74912,POINT (16.359602810634446 48.27884540242232),Flachzugang Donau,"Linkes Ufer Donau, FKK-Zone im Bereich zwischen Einlaufbauwerk und Jedleseerbrücke",-1,Flachzugang,
DONAUINSPKTOGD.74913,74913,POINT (16.365238699317164 48.2718406151544),Flachzugang Donau,"Linkes Ufer Donau, FKK-Zone im Bereich zwischen Einlaufbauwerk und Jedleseerbrücke",-1,Flachzugang,
DONAUINSPKTOGD.74914,74914,POINT (16.365809006116212 48.271011801825516),Flachzugang Donau,"Linkes Ufer Donau, FKK-Zone im Bereich zwischen Einlaufbauwerk und Jedleseerbrücke",-1,Flachzugang,
DONAUINSPKTOGD.74915,74915,POINT (16.350136928403312 48.29061486384639),Flachzugang Donau,Linkes Ufer Donau im Bereich zwischen Einlaufbauwerk und Jedleseerbrücke,-1,Flachzugang,
DONAUINSPKTOGD.74916,74916,POINT (16.393378235212033 48.24083387273261),Flachzugang Donau,Linkes Ufer Donau im Bereich zwischen Nordbahnbrücke und Brigittenauerbrücke,-1,Flachzugang,
DONAUINSPKTOGD.74917,74917,POINT (16.403971142327862 48.23329980857498),Flachzugang Neue Donau/ betonierte Rampe,Rechtes Ufer Neue Donau im Bereich zwischen  Brigittenauerbrücke und Reichsbrücke,-1,Flachzugang,
DONAUINSPKTOGD.74918,74918,POINT (16.365577191037644 48.2752029430722),Flachzugang Neue Donau mit Schilf und Weiden vorgelagert,"Rechtes Ufer Neue Donau, FKK-Zone Nord im Bereich zwischen Einlaufbauwerk und Jedleseerbrücke",-1,Flachzugang,
DONAUINSPKTOGD.74919,74919,POINT (16.504576268189016 48.168203351031146),Flachzugang Neue Donau,Linkes Ufer Neue Donau im Bereich zwischen Walulisobrücke und Wehr 2,-1,Flachzugang,
DONAUINSPKTOGD.74920,74920,POINT (16.462038237476808 48.193707365047445),Uferstiege Neue Donau,Rechtes Ufer Neue Donau im Bereich zwischen Stadlauer Ostbahnbrücke und Steinspornbrücke,13,Stiege,
DONAUINSPKTOGD.74921,74921,POINT (16.461670032416635 48.193964558050986),Uferstiege Neue Donau,Rechtes Ufer Neue Donau im Bereich zwischen Stadlauer Ostbahnbrücke und Steinspornbrücke,13,Stiege,
DONAUINSPKTOGD.74922,74922,POINT (16.461435545192828 48.19412578244364),Uferstiege Neue Donau,Rechtes Ufer Neue Donau im Bereich zwischen Stadlauer Ostbahnbrücke und Steinspornbrücke,13,Stiege,
DONAUINSPKTOGD.74923,74923,POINT (16.460881550562195 48.19450132535451),Uferstiege Neue Donau,Rechtes Ufer Neue Donau im Bereich zwischen Stadlauer Ostbahnbrücke und Steinspornbrücke,13,Stiege,
DONAUINSPKTOGD.74924,74924,POINT (16.46049167568862 48.19475694268006),Uferstiege Neue Donau,Rechtes Ufer Neue Donau im Bereich zwischen Stadlauer Ostbahnbrücke und Steinspornbrücke,13,Stiege,
DONAUINSPKTOGD.74925,74925,POINT (16.45839509163718 48.19616232716717),Schwimmponton,Rechtes Ufer Neue Donau im Bereich zwischen Stadlauerostbahnbrücke und Steinspornbrücke,9,Ponton,
DONAUINSPKTOGD.74926,74926,POINT (16.458310386032664 48.196211275524114),Uferstiege Neue Donau,Rechtes Ufer Neue Donau im Bereich zwischen Stadlauer Ostbahnbrücke und Steinspornbrücke,13,Stiege,
DONAUINSPKTOGD.74927,74927,POINT (16.447145285097623 48.20347536423826),Uferstiege Neue Donau,Rechtes Ufer Neue Donau im Bereich zwischen Stadlauer Ostbahnbrücke und Steinspornbrücke,13,Stiege,
DONAUINSPKTOGD.74928,74928,POINT (16.43822653539061 48.20965017438144),Uferstiege Neue Donau,Rechtes Ufer Neue Donau im Bereich zwischen Donaustadtbrücke und Praterbrücke,13,Stiege,
DONAUINSPKTOGD.74929,74929,POINT (16.434245638311086 48.21250658020688),Uferstiege Neue Donau,Rechtes Ufer Neue Donau im Bereich zwischen Kaisermühlenbrücke und Wehr 1,13,Stiege,
DONAUINSPKTOGD.74930,74930,POINT (16.42094056438318 48.22070169393524),Schwimmponton,Rechtes Ufer Neue Donau im Bereich zwischen Kaisermühlenbrücke und Wehr 1,9,Ponton,
DONAUINSPKTOGD.74931,74931,POINT (16.41713772939727 48.22336892029305),Uferstiege Neue Donau,Rechtes Ufer Neue Donau im Bereich zwischen Reichsbrücke und Kaisermühlenbrücke,13,Stiege,
DONAUINSPKTOGD.74932,74932,POINT (16.416515728688193 48.22387189200069),Schwimmponton,Rechtes Ufer Neue Donau im Bereich zwischen Reichsbrücke und Kaisermühlenbrücke,9,Ponton,
DONAUINSPKTOGD.74933,74933,POINT (16.415909273014233 48.224304180410805),Uferstiege Neue Donau,Rechtes Ufer Neue Donau im Bereich zwischen Reichsbrücke und Kaisermühlenbrücke,13,Stiege,
DONAUINSPKTOGD.74934,74934,POINT (16.415455456642828 48.22466307418058),Schwimmponton,Rechtes Ufer Neue Donau im Bereich zwischen Reichsbrücke und Kaisermühlenbrücke,9,Ponton,
DONAUINSPKTOGD.74935,74935,POINT (16.414864663467913 48.22510319812136),Uferstiege Neue Donau,Rechtes Ufer Neue Donau im Bereich zwischen Reichsbrücke und Kaisermühlenbrücke,13,Stiege,
DONAUINSPKTOGD.74936,74936,POINT (16.414234795657233 48.22561401464416),Schwimmponton,Rechtes Ufer Neue Donau im Bereich zwischen Reichsbrücke und Kaisermühlenbrücke,9,Ponton,
DONAUINSPKTOGD.74937,74937,POINT (16.413671380038434 48.22604102782578),Uferstiege Neue Donau,Rechtes Ufer Neue Donau im Bereich zwischen Reichsbrücke und Kaisermühlenbrücke,13,Stiege,
DONAUINSPKTOGD.74938,74938,POINT (16.413256760573127 48.22643652892236),Uferstiege Neue Donau,Rechtes Ufer Neue Donau im Bereich zwischen Reichsbrücke und Kaisermühlenbrücke,13,Stiege,
DONAUINSPKTOGD.74939,74939,POINT (16.413182416824444 48.226491544046944),Schwimmponton,Rechtes Ufer Neue Donau im Bereich zwischen Reichsbrücke und Kaisermühlenbrücke,9,Ponton,
DONAUINSPKTOGD.74940,74940,POINT (16.413818153866558 48.224669428186274),Schöller Eisstand mit Snacks und Getränken,Donauinseldamm etwa 400 m stromab der Reichsbrücke neben dem Wasserspielplatz,5,Imbiss,
DONAUINSPKTOGD.74941,74941,POINT (16.41137874212166 48.227945377866625),Uferstiege Neue Donau,Rechtes Ufer Neue Donau im Bereich zwischen Reichsbrücke und Kaisermühlenbrücke,13,Stiege,
DONAUINSPKTOGD.74943,74943,POINT (16.410487821613586 48.228726303277604),Uferstiege Neue Donau,Rechtes Ufer Neue Donau unter Reichsbrücke,13,Stiege,
DONAUINSPKTOGD.74944,74944,POINT (16.4063179909919 48.23030061135533),"Waterworld: Verein, Motorbootschule, Jetskischule, Snacks und Getränke",Linkes Ufer Donau etwa 300 m stromauf der Reichsbrücke,7,Lokal,
DONAUINSPKTOGD.74945,74945,POINT (16.406459434769687 48.22966012128918),Uferstiege Donau,Linkes Ufer Donau etwa 300 m stromauf der Reichsbrücke,13,Stiege,
DONAUINSPKTOGD.74946,74946,POINT (16.4055093321566 48.2315644439899),Inselcafe Restaurant,Donauinseldamm etwa 600 m stromauf der Reichbrücke,7,Lokal,
DONAUINSPKTOGD.74947,74947,POINT (16.405582523200685 48.23198939488964),Schwimmponton,Rechtes Ufer Neue Donau im Bereich zwischen Brigittenauerbrücke und Reichsbrücke,9,Ponton,
DONAUINSPKTOGD.74948,74948,POINT (16.40514145462699 48.23231374385837),Uferstiege Neue Donau,Rechtes Ufer Neue Donau im Bereich zwischen Brigittenauerbrücke und Reichsbrücke,13,Stiege,
DONAUINSPKTOGD.74949,74949,POINT (16.40477882378564 48.23265162839417),Uferstiege Neue Donau,Rechtes Ufer Neue Donau im Bereich zwischen Brigittenauerbrücke und Reichsbrücke,13,Stiege,
DONAUINSPKTOGD.74950,74950,POINT (16.403830014216375 48.23342455653279),Uferstiege Neue Donau,Rechtes Ufer Neue Donau im Bereich zwischen Brigittenauerbrücke und Reichsbrücke,13,Stiege,
DONAUINSPKTOGD.74951,74951,POINT (16.402912925248355 48.234042208873134),Uferstiege Neue Donau,Rechtes Ufer Neue Donau im Bereich zwischen Brigittenauerbrücke und Reichsbrücke,13,Stiege,
DONAUINSPKTOGD.74952,74952,POINT (16.402387716145423 48.23446944875819),Schwimmponton,Rechtes Ufer Neue Donau im Bereich zwischen Brigittenauerbrücke und Reichsbrücke,9,Ponton,
DONAUINSPKTOGD.74953,74953,POINT (16.401714450187256 48.234972454390494),Uferstiege Neue Donau,Rechtes Ufer Neue Donau im Bereich zwischen Brigittenauerbrücke und Reichsbrücke,13,Stiege,
DONAUINSPKTOGD.74954,74954,POINT (16.401084676849266 48.23542303474288),Uferstiege Neue Donau,Rechtes Ufer Neue Donau im Bereich zwischen Brigittenauerbrücke und Reichsbrücke,13,Stiege,
DONAUINSPKTOGD.74955,74955,POINT (16.400605908626623 48.235844417951576),Schwimmponton,Rechtes Ufer Neue Donau im Bereich zwischen Brigittenauerbrücke und Reichsbrücke,9,Ponton,
DONAUINSPKTOGD.74956,74956,POINT (16.400112568585584 48.236234757562194),Uferstiege Neue Donau,Rechtes Ufer Neue Donau im Bereich zwischen Brigittenauerbrücke und Reichsbrücke,13,Stiege,
DONAUINSPKTOGD.74957,74957,POINT (16.398779602636285 48.23733388043596),Uferstiege Neue Donau,Rechtes Ufer Neue Donau im Bereich zwischen Brigittenauerbrücke und Reichsbrücke,13,Stiege,
DONAUINSPKTOGD.74958,74958,POINT (16.397630530692762 48.238405720156436),Schwimmponton,Rechtes Ufer Neue Donau im Bereich zwischen Brigittenauerbrücke und Reichsbrücke,9,Ponton,
DONAUINSPKTOGD.74959,74959,POINT (16.39651642622533 48.239609492271015),Schwimmponton,Rechtes Ufer Neue Donau im Bereich zwischen Nordbahnbrücke und Brigittenauerbrücke,9,Ponton,
DONAUINSPKTOGD.74960,74960,POINT (16.396303703362776 48.2398787026062),Uferstiege Neue Donau,Rechtes Ufer Neue Donau im Bereich zwischen Nordbahnbrücke und Bigittenauerbrücke,13,Stiege,
DONAUINSPKTOGD.74961,74961,POINT (16.395772922535564 48.239778067634255),"Summerstation the Chill-Out Zone, Restaurant und Veranstaltungen",Donauinseldamm etwa 50 m stromauf der Brigittenauerbrücke,7,Lokal,
DONAUINSPKTOGD.74962,74962,POINT (16.39581243781607 48.24044820505604),Uferstiege Neue Donau,Rechtes Ufer Neue Donau im Bereich zwischen Nordbahnbrücke und Bigittenauerbrücke,13,Stiege,
DONAUINSPKTOGD.74963,74963,POINT (16.394822515630665 48.24192616892569),Schwimmponton,Rechtes Ufer Neue Donau im Bereich zwischen Nordbahnbrücke und Brigittenauerbrücke,9,Ponton,
DONAUINSPKTOGD.74964,74964,POINT (16.393327329194868 48.24382943298548),Schwimmponton,Rechtes Ufer Neue Donau im Bereich zwischen Nordbahnbrücke und Brigittenauerbrücke,9,Ponton,
DONAUINSPKTOGD.74965,74965,POINT (16.3932807236612 48.24387932304955),Uferstiege Neue Donau,Rechtes Ufer Neue Donau im Bereich zwischen Nordbahnbrücke und Bigittenauerbrücke,13,Stiege,
DONAUINSPKTOGD.74966,74966,POINT (16.392449854990286 48.24501525803457),Uferstiege Neue Donau,Rechtes Ufer Neue Donau unter der Nordbahnbrücke,13,Stiege,
DONAUINSPKTOGD.74967,74967,POINT (16.377969750118663 48.26051173502205),Uferstiege Neue Donau,Rechtes Ufer Neue Donau im Bereich zwischen Jedleseerbrücke und Nordbrücke,13,Stiege,
DONAUINSPKTOGD.74968,74968,POINT (16.377459752353573 48.261136864338305),Schwimmponton,Rechtes Ufer Neue Donau im Bereich zwischen Jedleseerbrücke und Nordbrücke,9,Ponton,
DONAUINSPKTOGD.74969,74969,POINT (16.37399819545761 48.26092113636139),Uferstiege Donau,Linkes Ufer Donau im Bereich stromauf der Nordbrücke,13,Stiege,
DONAUINSPKTOGD.74970,74970,POINT (16.37677587487941 48.261976393513976),Uferstiege Neue Donau,Rechtes Ufer Neue Donau im Bereich zwischen Jedleseerbrücke und Nordbrücke,13,Stiege,
DONAUINSPKTOGD.74971,74971,POINT (16.376393361636577 48.262451692773446),Uferstiege Neue Donau,Rechtes Ufer Neue Donau im Bereich zwischen Jedleseerbrücke und Nordbrücke,13,Stiege,
DONAUINSPKTOGD.74972,74972,POINT (16.375945160710266 48.26301481577598),Schwimmponton,Rechtes Ufer Neue Donau im Bereich zwischen Jedleseerbrücke und Nordbrücke,9,Ponton,
DONAUINSPKTOGD.74942,74942,POINT (16.40908493312718 48.22983579866919),Uferstiege Neue Donau,Rechtes Ufer Neue Donau im Bereich zwischen Copasteg und Reichsbrücke,13,Stiege,
DONAUINSPKTOGD.74973,74973,POINT (16.37472799652946 48.2645233619994),Uferstiege Neue Donau,Rechtes Ufer Neue Donau im Bereich zwischen Jedleseerbrücke und Nordbrücke,13,Stiege,
DONAUINSPKTOGD.74989,74989,POINT (16.442975154175695 48.20860470255075),Uferstiege Neue Donau,Linkes Ufer Neue Donau im Bereich zwischen Praterbrücke und Stadtlauer Ostbahnbrücke,13,Stiege,
DONAUINSPKTOGD.74990,74990,POINT (16.447001754934806 48.205755909052556),Uferstiege Neue Donau,Linkes Ufer Neue Donau im Bereich zwischen Praterbrücke und Stadtlauer Ostbahnbrücke,13,Stiege,
DONAUINSPKTOGD.74991,74991,POINT (16.448729939766892 48.20448823715017),Uferstiege Neue Donau,Linkes Ufer Neue Donau im Bereich zwischen Stadtlauer Ostbahnbrücke und Steinspornbrücke,13,Stiege,
DONAUINSPKTOGD.74992,74992,POINT (16.455914205031014 48.19955787249525),Uferstiege,Linkes Ufer Neue Donau im Bereich zwischen Stadtlauer Ostbahnbrücke und Steinspornbrücke,13,Stiege,
DONAUINSPKTOGD.74993,74993,POINT (16.453068773876282 48.2014478361721),Schwimmponton,Linkes Ufer Neue Donau im Bereich zwischen Stadtlauer Ostbahnbrücke und Steinspornbrücke,9,Ponton,
DONAUINSPKTOGD.74994,74994,POINT (16.455390109343643 48.19990707119154),Uferstiege Neue Donau,Linkes Ufer Neue Donau im Bereich zwischen Stadtlauer Ostbahnbrücke und Steinspornbrücke,13,Stiege,
DONAUINSPKTOGD.74995,74995,POINT (16.45724160923596 48.19879691309509),Uferstiege,Linkes Ufer Neue Donau im Bereich zwischen Stadtlauer Ostbahnbrücke und Steinspornbrücke,13,Stiege,
DONAUINSPKTOGD.74996,74996,POINT (16.457393715475643 48.19867676186332),Schwimmponton,Linkes Ufer Neue Donau im Bereich zwischen Stadtlauer Ostbahnbrücke und Steinspornbrücke,13,Stiege,
DONAUINSPKTOGD.74997,74997,POINT (16.459238422722397 48.19759487831028),Uferstiege,Linkes Ufer Neue Donau im Bereich zwischen Stadtlauer Ostbahnbrücke und Steinspornbrücke,13,Stiege,
DONAUINSPKTOGD.74998,74998,POINT (16.460957717731855 48.19649612120861),Uferstiege,Linkes Ufer Neue Donau im Bereich zwischen Stadtlauer Ostbahnbrücke und Steinspornbrücke,13,Stiege,
DONAUINSPKTOGD.74999,74999,POINT (16.461084482792025 48.196405423710715),Schwimmponton,Linkes Ufer Neue Donau im Bereich zwischen Stadtlauer Ostbahnbrücke und Steinspornbrücke,13,Stiege,
DONAUINSPKTOGD.75000,75000,POINT (16.46202610655078 48.19581123139399),Uferstiege Neue Donau,Linkes Ufer Neue Donau im Bereich zwischen Stadlauer Ostbahnbrücke und Steinspornbrücke,13,Stiege,
DONAUINSPKTOGD.75001,75001,POINT (16.46277661243102 48.19530780094882),Uferstiege Neue Donau,Linkes Ufer Neue Donau im Bereich zwischen Stadtlauer Ostbahnbrücke und Steinspornbrücke,13,Stiege,
DONAUINSPKTOGD.75002,75002,POINT (16.46353891020322 48.19478624107527),Schwimmponton,Linkes Ufer Neue Donau im Bereich zwischen Stadtlauer Ostbahnbrücke und Steinspornbrücke,9,Ponton,
DONAUINSPKTOGD.75003,75003,POINT (16.463782337455292 48.19463428346054),Uferstiege Neue Donau,Linkes Ufer Neue Donau im Bereich zwischen Stadtlauer Ostbahnbrücke und Steinspornbrücke,13,Stiege,
DONAUINSPKTOGD.75004,75004,POINT (16.46524776469118 48.193648942610295),Uferstiege Neue Donau,Linkes Ufer Neue Donau im Bereich zwischen Steinspornbrücke und Walulisobrücke,13,Stiege,
DONAUINSPKTOGD.74974,74974,POINT (16.373475881640385 48.26593635747427),Schwimmponton,Rechtes Ufer Neue Donau im Bereich zwischen Jedleseerbrücke und Nordbrücke,9,Ponton,
DONAUINSPKTOGD.74975,74975,POINT (16.373023846589344 48.26663375474542),Uferstiege Neue Donau,Rechtes Ufer Neue Donau im Bereich zwischen Jedleseerbrücke und Nordbrücke,13,Stiege,
DONAUINSPKTOGD.74976,74976,POINT (16.371407763541974 48.26764656957632),Erste Hilfe Station Samariterbund Floridsdorf,Donauinseldamm Höhe Jedleseerbrücke,3,Erste Hilfe Station,
DONAUINSPKTOGD.74977,74977,POINT (16.372166086567592 48.26769853606213),Schwimmponton,Rechtes Ufer Neue Donau im Bereich zwischen Jedleseerbrücke und Nordbrücke,9,Ponton,
DONAUINSPKTOGD.74978,74978,POINT (16.368352132712754 48.26775592960266),Uferstiege Donau,Linkes Ufer Donau im Bereich stromauf der Nordbrücke,13,Stiege,
DONAUINSPKTOGD.74979,74979,POINT (16.367670796381237 48.273099128668),Uferstiege Neue Donau,Rechtes Ufer Neue Donau im Bereich zwischen Einlaufbauwerk und Jedleseerbrücke,13,Stiege,
DONAUINSPKTOGD.74980,74980,POINT (16.361712815818304 48.27949465852354),Uferstiege Neue Donau,Uferstiege Neue Donau,13,Stiege,
DONAUINSPKTOGD.74981,74981,POINT (16.4087919541508 48.23010199528338),"Rumba & Mambo, Lounge und Dance Club",Rechtes Ufer Neue Donau stromauf der Reichsbrücke,7,Lokal,
DONAUINSPKTOGD.74982,74982,POINT (16.409641176982458 48.22965053416993),"Sansibar, Lounge und Diskothek",Rechtes Ufer Neue Donau stromauf der Reichsbrücke,7,Lokal,
DONAUINSPKTOGD.74983,74983,POINT (16.41280449829441 48.22587045126073),"Inselinfo, Informationszentrum der MA 45 Wiener Gewässer",350 m stromab der Reichsbrücke,1,Infozentrum,
DONAUINSPKTOGD.74984,74984,POINT (16.426915929320984 48.2196110751642),Parkplatz Kaisermühlen,Linker Hochwasserschutzdamm im Bereich zwischen Kaisermühlenbrücke und Wehr 1,8,Parkplatz,
DONAUINSPKTOGD.74985,74985,POINT (16.386325739927255 48.24962865075135),Aschauer's Radverleih Donauinsel,Donauinseldamm etwa 50 m stromauf der Floridsdorferbrücke,12,Sportverleih,
DONAUINSPKTOGD.74986,74986,POINT (16.386331208625304 48.24974313247617),Eissalon da Ponte,Donauinseldamm etwa 50 m stromauf der Floridsdorferbrücke,7,Lokal,
DONAUINSPKTOGD.74987,74987,POINT (16.433092629694933 48.215498125141444),Uferstiege Neue Donau,Linkes Ufer Neue Donau im Bereich zwischen Kaisermühlenbrücke und Wehr 1,13,Stiege,
DONAUINSPKTOGD.74988,74988,POINT (16.435911807141622 48.21355623449954),Uferstiege Neue Donau,Linkes Ufer Neue Donau im Bereich zwischen Kaisermühlenbrücke und Wehr 1,13,Stiege,
DONAUINSPKTOGD.75005,75005,POINT (16.465322133803685 48.19359905195838),Uferstiege Neue Donau,Linkes Ufer Neue Donau im Bereich zwischen Steinspornbrücke und Walulisobrücke,13,Stiege,
DONAUINSPKTOGD.75006,75006,POINT (16.46553677319485 48.19344938655127),Schwimmponton,Linkes Ufer Neue Donau im Bereich zwischen Steinspornbrücke und Walulisobrücke,9,Ponton,
DONAUINSPKTOGD.75007,75007,POINT (16.466015097373084 48.19312962498646),Uferstiege Neue Donau,Linkes Ufer Neue Donau im Bereich zwischen Steinspornbrücke und Walulisobrücke,13,Stiege,
DONAUINSPKTOGD.75008,75008,POINT (16.46665568903785 48.19270892902046),Uferstiege Neue Donau,Linkes Ufer Neue Donau im Bereich zwischen Steinspornbrücke und Walulisobrücke,13,Stiege,
DONAUINSPKTOGD.75009,75009,POINT (16.467563038559 48.192666010585334),Pizzeria Angelo,Linker Hochwasserschutzdamm etwa 150 m stromab der Steinspornbrücke,7,Lokal,
DONAUINSPKTOGD.75010,75010,POINT (16.467288053903204 48.19228944753025),Uferstiege Neue Donau,Linkes Ufer Neue Donau im Bereich zwischen Steinspornbrücke und Walulisobrücke,13,Stiege,
DONAUINSPKTOGD.75011,75011,POINT (16.467812262313288 48.1919463219381),Schwimmponton,Linkes Ufer Neue Donau im Bereich zwischen Steinspornbrücke und Walulisobrücke,9,Ponton,
DONAUINSPKTOGD.75012,75012,POINT (16.467886843618203 48.19189771179903),Uferstiege Neue Donau,Linkes Ufer Neue Donau im Bereich zwischen Steinspornbrücke und Walulisobrücke,13,Stiege,
DONAUINSPKTOGD.75013,75013,POINT (16.469250592576195 48.19100129155583),Uferstiege Neue Donau,Linkes Ufer Neue Donau im Bereich zwischen Steinspornbrücke und Walulisobrücke,13,Stiege,
DONAUINSPKTOGD.75014,75014,POINT (16.469738540659943 48.19067818021151),Uferstiege Neue Donau,Linkes Ufer Neue Donau im Bereich zwischen Steinspornbrücke und Walulisobrücke,13,Stiege,
DONAUINSPKTOGD.75015,75015,POINT (16.47014124698474 48.190409398870926),Uferstiege Neue Donau,Linkes Ufer Neue Donau im Bereich zwischen Steinspornbrücke und Walulisobrücke,13,Stiege,
DONAUINSPKTOGD.75016,75016,POINT (16.466208719336294 48.19341815518875),Erste Hilfe Station Donaustadt,Linker Hochwasserschutzdamm etwa 120 m stromab der Steinspornbrücke,3,Erste Hilfe Station,
DONAUINSPKTOGD.75017,75017,POINT (16.45391849063817 48.20167027893252),Eskimo Eishütte,Linker Hochwasserschutzdamm im Bereich zwischen Stadtlauer Ostbahnbrücke und Steinspornbrücke,5,Imbiss,
DONAUINSPKTOGD.75018,75018,POINT (16.45427400867455 48.201626048714346),Toni's Inselgrill,Linker Hochwasserschutzdamm im Bereich zwischen Stadtlauer Ostbahnbrücke und  Steinspornbrücke,7,Lokal,
DONAUINSPKTOGD.75019,75019,POINT (16.47062506883872 48.19009831875472),Uferstiege Neue Donau,Linkes Ufer Neue Donau im Bereich zwischen Steinspornbrücke und Walulisobrücke,13,Stiege,
DONAUINSPKTOGD.75020,75020,POINT (16.470742073138542 48.19002513080168),Uferstiege Neue Donau,Linkes Ufer Neue Donau im Bereich zwischen Steinspornbrücke und Walulisobrücke,13,Stiege,
DONAUINSPKTOGD.75021,75021,POINT (16.47113665075644 48.189753712360925),Uferstiege Neue Donau,Linkes Ufer Neue Donau im Bereich zwischen Steinspornbrücke und Walulisobrücke,13,Stiege,
DONAUINSPKTOGD.75022,75022,POINT (16.471796972924583 48.189322593325926),Uferstiege Neue Donau,Linkes Ufer Neue Donau im Bereich zwischen Steinspornbrücke und Walulisobrücke,13,Stiege,
DONAUINSPKTOGD.75023,75023,POINT (16.47218960588281 48.18907109708792),Uferstiege Neue Donau,Linkes Ufer Neue Donau im Bereich zwischen Steinspornbrücke und Walulisobrücke,13,Stiege,
DONAUINSPKTOGD.75024,75024,POINT (16.472560412206914 48.188830250894455),Uferstiege Neue Donau,Linkes Ufer Neue Donau im Bereich zwischen Steinspornbrücke und Walulisobrücke,13,Stiege,
DONAUINSPKTOGD.75025,75025,POINT (16.47363316046391 48.18813564589958),Uferstiege Neue Donau,Linkes Ufer Neue Donau im Bereich zwischen Steinspornbrücke und Walulisobrücke,13,Stiege,
DONAUINSPKTOGD.75026,75026,POINT (16.474862529310133 48.18734255318034),Uferstiege Neue Donau,Linkes Ufer Neue Donau im Bereich zwischen Steinspornbrücke und Walulisobrücke,13,Stiege,
DONAUINSPKTOGD.75027,75027,POINT (16.47564175983374 48.18683556066014),Uferstiege Neue Donau,Linkes Ufer Neue Donau im Bereich zwischen Steinspornbrücke und Walulisobrücke,13,Stiege,
DONAUINSPKTOGD.75028,75028,POINT (16.47917488474797 48.18454137732659),Schwimmponton,Linkes Ufer Neue Donau im Bereich zwischen Steinspornbrücke und Walulisobrücke,9,Ponton,
DONAUINSPKTOGD.75029,75029,POINT (16.475725027170306 48.18677834632346),Schwimmponton,Linkes Ufer Neue Donau im Bereich zwischen Steinspornbrücke und Walulisobrücke,9,Ponton,
DONAUINSPKTOGD.75030,75030,POINT (16.477362780947566 48.185725728771686),Uferstiege Neue Donau,Linkes Ufer Neue Donau im Bereich zwischen Steinspornbrücke und Walulisobrücke,13,Stiege,
DONAUINSPKTOGD.75031,75031,POINT (16.477979384846673 48.1853238483868),Uferstiege Neue Donau,Linkes Ufer Neue Donau im Bereich zwischen Steinspornbrücke und Walulisobrücke,13,Stiege,
DONAUINSPKTOGD.75032,75032,POINT (16.478958806149 48.18469040563698),Uferstiege Neue Donau,Linkes Ufer Neue Donau im Bereich zwischen Steinspornbrücke und Walulisobrücke,13,Stiege,
DONAUINSPKTOGD.75033,75033,POINT (16.480297050752462 48.18382672357655),Uferstiege Neue Donau,Linkes Ufer Neue Donau im Bereich zwischen Steinspornbrücke und Walulisobrücke,13,Stiege,
DONAUINSPKTOGD.75034,75034,POINT (16.4822728694499 48.18255395769605),Uferstiege Neue Donau,Linkes Ufer Neue Donau im Bereich zwischen Steinspornbrücke und Walulisobrücke,13,Stiege,
DONAUINSPKTOGD.75035,75035,POINT (16.50186945135625 48.16984998681902),Uferstiege Neue Donau,Linkes Ufer Neue Donau im Bereich zwischen Walulisobrücke und Wehr 2,13,Stiege,
DONAUINSPKTOGD.75036,75036,POINT (16.483231892968877 48.181943083433005),Uferstiege Neue Donau,Linkes Ufer Neue Donau im Bereich zwischen Steinspornbrücke und Walulisobrücke,13,Stiege,
DONAUINSPKTOGD.75037,75037,POINT (16.483902410276464 48.181500923836154),Schwimmponton,Linkes Ufer Neue Donau im Bereich zwischen Steinspornbrücke und Walulisobrücke,9,Ponton,
DONAUINSPKTOGD.75038,75038,POINT (16.484672606717414 48.18102177364202),Uferstiege Neue Donau,Linkes Ufer Neue Donau im Bereich zwischen Steinspornbrücke und Walulisobrücke,13,Stiege,
DONAUINSPKTOGD.75039,75039,POINT (16.485637509900148 48.18040389908542),Uferstiege Neue Donau,Linkes Ufer Neue Donau im Bereich zwischen Steinspornbrücke und Walulisobrücke,13,Stiege,
DONAUINSPKTOGD.75040,75040,POINT (16.485762372723173 48.180316074194344),Schwimmponton,Linkes Ufer Neue Donau im Bereich zwischen Steinspornbrücke und Walulisobrücke,9,Ponton,
DONAUINSPKTOGD.75041,75041,POINT (16.486646991974812 48.179757069031325),Uferstiege Neue Donau,Linkes Ufer Neue Donau im Bereich zwischen Steinspornbrücke und Walulisobrücke,13,Stiege,
DONAUINSPKTOGD.75042,75042,POINT (16.487165852382724 48.179426658743914),Schwimmponton,Linkes Ufer Neue Donau im Bereich zwischen Steinspornbrücke und Walulisobrücke,9,Ponton,
DONAUINSPKTOGD.75043,75043,POINT (16.487604439069724 48.179152136930114),Uferstiege Neue Donau,Linkes Ufer Neue Donau im Bereich zwischen Steinspornbrücke und Walulisobrücke,13,Stiege,
DONAUINSPKTOGD.75044,75044,POINT (16.4889691337876 48.178264742393296),Uferstiege Neue Donau,Linkes Ufer Neue Donau im Bereich zwischen Steinspornbrücke und Walulisobrücke,13,Stiege,
DONAUINSPKTOGD.75045,75045,POINT (16.48976446902101 48.17775663630036),Uferstiege Neue Donau,Linkes Ufer Neue Donau im Bereich zwischen Steinspornbrücke und Walulisobrücke,13,Stiege,
DONAUINSPKTOGD.75046,75046,POINT (16.490504819823276 48.17729541729443),Uferstiege Neue Donau,Linkes Ufer Neue Donau im Bereich zwischen Steinspornbrücke und Walulisobrücke,13,Stiege,
DONAUINSPKTOGD.75047,75047,POINT (16.490628158978307 48.17720161221404),Schwimmponton,Linkes Ufer Neue Donau im Bereich zwischen Steinspornbrücke und Walulisobrücke,9,Ponton,
DONAUINSPKTOGD.75048,75048,POINT (16.492276675803907 48.17613349080852),Uferstiege Neue Donau,Linkes Ufer Neue Donau im Bereich zwischen Walulisobrücke und Wehr 2,13,Stiege,
DONAUINSPKTOGD.75049,75049,POINT (16.4932710161301 48.17546072303105),Uferstiege Neue Donau,Linkes Ufer Neue Donau im Bereich zwischen Walulisobrücke und Wehr 2,13,Stiege,
DONAUINSPKTOGD.75050,75050,POINT (16.493349787566792 48.17540682225539),Schwimmponton,Linkes Ufer Neue Donau im Bereich zwischen Walulisobrücke und Wehr 2,9,Ponton,
DONAUINSPKTOGD.75051,75051,POINT (16.494204383769908 48.17482588388479),Uferstiege Neue Donau,Linkes Ufer Neue Donau im Bereich zwischen Walulisobrücke und Wehr 2,13,Stiege,
DONAUINSPKTOGD.75052,75052,POINT (16.495026239944643 48.174258930186795),Uferstiege Neue Donau,Linkes Ufer Neue Donau im Bereich zwischen Walulisobrücke und Wehr 2,13,Stiege,
DONAUINSPKTOGD.75053,75053,POINT (16.495161463486607 48.17416012329987),Uferstiege Neue Donau,Linkes Ufer Neue Donau im Bereich zwischen Walulisobrücke und Wehr 2,9,Ponton,
DONAUINSPKTOGD.75054,75054,POINT (16.495317530095054 48.17405929447565),Uferstiege Neue Donau,Linkes Ufer Neue Donau im Bereich zwischen Walulisobrücke und Wehr 2,13,Stiege,
DONAUINSPKTOGD.75055,75055,POINT (16.495709883712916 48.173792775307575),Uferstiege Neue Donau,Linkes Ufer Neue Donau im Bereich zwischen Walulisobrücke und Wehr 2,13,Stiege,
DONAUINSPKTOGD.75056,75056,POINT (16.49622412372963 48.17345137192142),Uferstiege Neue Donau,Linkes Ufer Neue Donau im Bereich zwischen Walulisobrücke und Wehr 2,13,Stiege,
DONAUINSPKTOGD.75057,75057,POINT (16.49872210942807 48.171831370403645),Uferstiege Neue Donau,Linkes Ufer Neue Donau im Bereich zwischen Walulisobrücke und Wehr 2,13,Stiege,
DONAUINSPKTOGD.75058,75058,POINT (16.499638998971736 48.17125982151166),Uferstiege Neue Donau,Linkes Ufer Neue Donau im Bereich zwischen Walulisobrücke und Wehr 2,13,Stiege,
DONAUINSPKTOGD.75059,75059,POINT (16.499924346234284 48.171075235353534),Schwimmponton,Linkes Ufer Neue Donau im Bereich zwischen Walulisobrücke und Wehr 2,9,Ponton,
DONAUINSPKTOGD.75060,75060,POINT (16.50041314104782 48.17076284982165),Uferstiege Neue Donau,Linkes Ufer Neue Donau im Bereich zwischen Walulisobrücke und Wehr 2,13,Stiege,
DONAUINSPKTOGD.75061,75061,POINT (16.50121636161908 48.1702569763501),Uferstiege Neue Donau,Linkes Ufer Neue Donau im Bereich zwischen Walulisobrücke und Wehr 2,13,Stiege,
DONAUINSPKTOGD.75062,75062,POINT (16.502403126755237 48.16950565055986),Schwimmponton,Linkes Ufer Neue Donau im Bereich zwischen Walulisobrücke und Wehr 2,9,Ponton,
DONAUINSPKTOGD.75063,75063,POINT (16.502569617236826 48.1694133196101),Uferstiege Neue Donau,Linkes Ufer Neue Donau im Bereich zwischen Walulisobrücke und Wehr 2,13,Stiege,
DONAUINSPKTOGD.75064,75064,POINT (16.503356968997824 48.16892516352991),Uferstiege Neue Donau,Linkes Ufer Neue Donau im Bereich zwischen Walulisobrücke und Wehr 2,13,Stiege,
DONAUINSPKTOGD.75065,75065,POINT (16.506103947430812 48.167307210501455),Schwimmponton,Linkes Ufer Neue Donau im Bereich zwischen Walulisobrücke und Wehr 2,9,Ponton,
DONAUINSPKTOGD.75066,75066,POINT (16.506474591987033 48.16711274204286),Uferstiege Neue Donau,Linkes Ufer Neue Donau im Bereich zwischen Walulisobrücke und Wehr 2,13,Stiege,
DONAUINSPKTOGD.75067,75067,POINT (16.507277273248707 48.16667855050222),Uferstiege Neue Donau,Linkes Ufer Neue Donau im Bereich zwischen Walulisobrücke und Wehr 2,13,Stiege,
DONAUINSPKTOGD.75068,75068,POINT (16.508286134352193 48.16615638200392),Uferstiege Neue Donau,Linkes Ufer Neue Donau im Bereich zwischen Walulisobrücke und Wehr 2,13,Stiege,
DONAUINSPKTOGD.75069,75069,POINT (16.50874993470497 48.16591926266262),Schwimmponton,Linkes Ufer Neue Donau im Bereich zwischen Walulisobrücke und Wehr 2,9,Ponton,
DONAUINSPKTOGD.75070,75070,POINT (16.508894632093934 48.16584732223476),Uferstiege Neue Donau,Linkes Ufer Neue Donau im Bereich zwischen Walulisobrücke und Wehr 2,13,Stiege,
DONAUINSPKTOGD.75071,75071,POINT (16.50957051841749 48.16550628005432),Uferstiege Neue Donau,Linkes Ufer Neue Donau im Bereich zwischen Walulisobrücke und Wehr 2,13,Stiege,
DONAUINSPKTOGD.75072,75072,POINT (16.50956956905718 48.16609805966056),Parkplatz,"Linker Hochwasserschutzdamm, am Ende der Finsterbuschstraße, Bereich Wehr 2",8,Parkplatz,
DONAUINSPKTOGD.75073,75073,POINT (16.50514904413055 48.168709472491436),"Jamaica Beach, Restaurant und Bar","Linker Hochwasserschutzdamm im Bereich zwischen Walulisobrücke und Wehr 2, Finsterbuschstraße",7,Lokal,
DONAUINSPKTOGD.75074,75074,POINT (16.49410837136742 48.17540649850159),"Dammhütte Beach, Restaurant","Linker Hochwasserschutzdamm im Bereich zwischen Walulisobrücke und Wehr 2, Finsterbuschstraße",7,Lokal,
DONAUINSPKTOGD.75075,75075,POINT (16.492360106305465 48.17663939767798),Parkplatz,"Linker Hochwasserschutzdamm , am Ende der Raffineriestraße, Bereich Walulisobrücke",8,Parkplatz,
DONAUINSPKTOGD.75076,75076,POINT (16.39232568992506 48.245258422670624),Uferstiege Neue Donau,Rechtes Ufer Neue Donau unter der Nordbahnbrücke,13,Stiege,
DONAUINSPKTOGD.75077,75077,POINT (16.392090556638326 48.245392310153626),Uferstiege Neue Donau,Rechtes Ufer Neue Donau im Bereich zwischen Floridsdorferbrücke und Nordbahnbrücke,13,Stiege,
DONAUINSPKTOGD.75078,75078,POINT (16.39144463828511 48.246055690257265),Schwimmponton,Rechtes Ufer Neue Donau im Bereich zwischen Floridsdorferbrücke und Nordbahnbrücke,9,Ponton,
DONAUINSPKTOGD.75079,75079,POINT (16.39120535875047 48.24629475421737),Uferstiege Neue Donau,Rechtes Ufer Neue Donau im Bereich zwischen Floridsdorferbrücke und Nordbahnbrücke,13,Stiege,
DONAUINSPKTOGD.75080,75080,POINT (16.390841839309296 48.246717761898736),Schwimmponton,Rechtes Ufer Neue Donau im Bereich zwischen Floridsdorferbrücke und Nordbahnbrücke,9,Ponton,
DONAUINSPKTOGD.75081,75081,POINT (16.390343048889058 48.24719693410588),Uferstiege Neue Donau,Rechtes Ufer Neue Donau im Bereich zwischen Floridsdorferbrücke und Nordbahnbrücke,13,Stiege,
DONAUINSPKTOGD.75082,75082,POINT (16.389605034869632 48.2479920422861),Schwimmponton,Rechtes Ufer Neue Donau im Bereich zwischen Floridsdorferbrücke und Nordbahnbrücke,9,Ponton,
DONAUINSPKTOGD.75083,75083,POINT (16.388904205805915 48.24866557760707),Uferstiege Neue Donau,Rechtes Ufer Neue Donau im Bereich zwischen Floridsdorferbrücke und Nordbahnbrücke,13,Stiege,
DONAUINSPKTOGD.75084,75084,POINT (16.386446120112648 48.247386205553184),Uferstiege Donau,Linkes Ufer Donau etwa 50 m stromab der Floridsdorferbrücke,13,Stiege,
DONAUINSPKTOGD.75085,75085,POINT (16.38962199585373 48.24413393736258),Uferstiege Donau,Linkes Ufer Donau stromauf neben der Nordbahnbrücke,13,Stiege,
DONAUINSPKTOGD.75086,75086,POINT (16.413985585516922 48.224753776700396),Erste Hilfe Station Samariterbund Floridsdorf,Donauinseldamm etwa 400 m stromab der Reichsbrücke neben dem Wasserspielplatz,3,Erste Hilfe Station,
DONAUINSPKTOGD.75087,75087,POINT (16.44924742338978 48.204825836555834),Rad- und Skaterverleih Ostbahnbrücke,Linker Hochwasserschutzdamm etwa 50m stromab der Ostabahnbrücke,12,Sportverleih,
DONAUINSPKTOGD.75088,75088,POINT (16.44927589945749 48.204756435993126),Pesche's Kult Beisl Restaurant,Linker Hochwasserschutzdamm etwa 50 m stromab der Ostbahnbrücke,7,Lokal,
DONAUINSPKTOGD.75089,75089,POINT (16.44665195929316 48.20603401581248),Schwimmponton,Linkes Ufer Neue Donau im Bereich zwischen Praterbrücke und Stadlauer Ostbahnbrücke,9,Ponton,
DONAUINSPKTOGD.75090,75090,POINT (16.43884925800411 48.21140227300112),Schwimmponton Waterramp,Linkes Ufer Neue Donau im Bereich zwischen Praterbrücke und Stadlauer Ostbahnbrücke,9,Ponton,
DONAUINSPKTOGD.75091,75091,POINT (16.438917840703652 48.21172010863483),Barbados Inseltreff Restaurant,Linkes Ufer Neue Donau im Bereich zwischen Praterbrücke und Stadlauer Ostbahnbrücke,7,Lokal,
DONAUINSPKTOGD.75092,75092,POINT (16.436650276949205 48.21343774601453),Wake Up Restaurant,Linker Hochwasserschutzdamm etwa 100 m stromauf Wehr 1,7,Lokal,
DONAUINSPKTOGD.75093,75093,POINT (16.43651933455951 48.21312796755739),Uferstiege Neue Donau,Linkes Ufer Neue Donau im Bereich zwischen Kaisermühlenbrücke und Wehr 1,13,Stiege,
DONAUINSPKTOGD.75094,75094,POINT (16.42903680838127 48.21763595692388),"Vienna City Beach Club, Restaurant und Club",Linkes Ufer Neue Donau im Bereich zwischen Kaisermühlenbrücke und Wehr 1,7,Lokal,
DONAUINSPKTOGD.75095,75095,POINT (16.428794933094427 48.21777121610919),Schwimmponton,Linkes Ufer Neue Donau im Bereich zwischen Kaisermühlenbrücke und Wehr 1,9,Ponton,
DONAUINSPKTOGD.75096,75096,POINT (16.40769498624258 48.23066146397985),"Booteria, Bar",Rechtes Ufer Neue Donau stromauf der Reichsbrücke,7,Lokal,
DONAUINSPKTOGD.75097,75097,POINT (16.407800098678297 48.230603641777144),"Booteria, Bootsverleih",Rechtes Ufer Neue Donau stromauf der Reichsbrücke,16,Bootsverleih,
DONAUINSPKTOGD.75098,75098,POINT (16.408043193873702 48.23016161535048),"Cafe del Sol, Bar",Rechtes Ufer Neue Donau stromauf der Reichsbrücke,7,Lokal,
DONAUINSPKTOGD.75099,75099,POINT (16.408084164041295 48.230412100880805),"Virus Bar, Bar Lounge Club",Rechtes Ufer Neue Donau stromauf der Reichsbrücke,7,Lokal,
DONAUINSPKTOGD.75100,75100,POINT (16.408564768495907 48.230005413934556),"Taverne Sokrates, Restaurant",Rechtes Ufer Neue Donau stromauf der Reichsbrücke,7,Lokal,
DONAUINSPKTOGD.75101,75101,POINT (16.40825326394912 48.229938111033256),"Malina Strandbar, Restaurant und Bar",Rechtes Ufer Neue Donau stromauf der Reichsbrücke,7,Lokal,
DONAUINSPKTOGD.75102,75102,POINT (16.408735231583726 48.22976244915743),"Paralia  Beach Bar, Restaurant und Bar",Rechtes Ufer Neue Donau stromauf der Reichsbrücke,7,Lokal,
DONAUINSPKTOGD.75103,75103,POINT (16.409216259261022 48.229660547620625),"Fisherman`s, Lokal und Bar",Rechtes Ufer Neue Donau stromauf der Reichsbrücke,7,Lokal,
DONAUINSPKTOGD.75104,75104,POINT (16.386761588607953 48.24963195408343),Erste Hilfe Station Samariterbund Floridsdorf,Donauinseldamm  etwa 100 m stromauf der Floridsdorferbrücke,3,Erste Hilfe Station,
DONAUINSPKTOGD.75105,75105,POINT (16.384608855603688 48.249078690855974),Uferstiege Donau,Linkes Ufer Donau im Bereich zwischen Nordbrücke und Floridsdorferbrücke,13,Stiege,
DONAUINSPKTOGD.75106,75106,POINT (16.38433700316424 48.249372970057905),Uferstiege Donau,Linkes Ufer Donau im Bereich zwischen Nordbrücke und Floridsdorferbrücke,13,Stiege,
DONAUINSPKTOGD.75107,75107,POINT (16.38408355306995 48.24963686218321),Uferstiege Donau,Linkes Ufer Donau im Bereich zwischen Nordbrücke und Floridsdorferbrücke,13,Stiege,
DONAUINSPKTOGD.75108,75108,POINT (16.383821808485397 48.24991815885502),Uferstiege Donau,Linkes Ufer Donau im Bereich zwischen Nordbrücke und Floridsdorferbrücke,13,Stiege,
DONAUINSPKTOGD.75109,75109,POINT (16.38153974223016 48.256207456651964),Uferstiege Neue Donau,Rechtes Ufer Neue Donau im Bereich zwischen Jedleseerbrücke und Nordbrücke,13,Stiege,
DONAUINSPKTOGD.75110,75110,POINT (16.380549572378648 48.257387621126206),Schwimmponton,Rechtes Ufer Neue Donau im Bereich zwischen Jedleseerbrücke und Nordbrücke,9,Ponton,
DONAUINSPKTOGD.75111,75111,POINT (16.378703605937467 48.255294982026236),Uferstiege Donau,Linkes Ufer Donau etwa 50 m stromauf der Nordbrücke,13,Stiege,
DONAUINSPKTOGD.75112,75112,POINT (16.379851714772784 48.25821720211162),Uferstiege Neue Donau,Rechtes Ufer Neue Donau im Bereich zwischen Jedleseerbrücke und Nordbrücke,13,Stiege,
DONAUINSPKTOGD.75113,75113,POINT (16.379071358814905 48.25921747433885),Uferstiege Neue Donau,Rechtes Ufer Neue Donau im Bereich zwischen Jedleseerbrücke und Nordbrücke,13,Stiege,
DONAUINSPKTOGD.75114,75114,POINT (16.378961446228224 48.259359606339885),Schwimmponton,Rechtes Ufer Neue Donau im Bereich zwischen Jedleseerbrücke und Nordbrücke,9,Ponton,
DONAUINSPKTOGD.75115,75115,POINT (16.40761254439773 48.23052212161275),Uferstiege Neue Donau,Rechtes Ufer Neue Donau im Bereich zwischen Brigittenauerbrücke und Reichsbrücke,13,Stiege,
DONAUINSPKTOGD.75116,75116,POINT (16.406604366907647 48.23122704258729),Uferstiege Neue Donau,Rechtes Ufer Neue Donau im Bereich zwischen Brigittenauerbrücke und Reichsbrücke,13,Stiege,
DONAUINSPKTOGD.75117,75117,POINT (16.50822145662128 48.1642732009435),Uferstiege Neue Donau,"Rechtes Ufer Neue Donau, FKK-Zone im Bereich zwischen Walulisobrücke und Wehr 2",13,Stiege,
DONAUINSPKTOGD.75118,75118,POINT (16.50757912147418 48.164590360290624),Uferstiege Neue Donau,"Rechtes Ufer Neue Donau, FKK-Zone im Bereich zwischen Walulisobrücke und Wehr 2",13,Stiege,
DONAUINSPKTOGD.75119,75119,POINT (16.50731724539948 48.16471987853438),Schwimmponton,Rechtes Ufer Neue Donau im Bereich zwischen Walulisobrücke und Wehr 2,9,Ponton,
DONAUINSPKTOGD.75120,75120,POINT (16.505856877480944 48.165474286258785),Uferstiege Neue Donau,"Rechtes Ufer Neue Donau, FKK-Zone im Bereich zwischen Walulisobrücke und Wehr 2",13,Stiege,
DONAUINSPKTOGD.75121,75121,POINT (16.50502734430038 48.1659259831271),Uferstiege Neue Donau,"Rechtes Ufer Neue Donau, FKK-Zone im Bereich zwischen Walulisobrücke und Wehr 2",13,Stiege,
DONAUINSPKTOGD.75122,75122,POINT (16.504021842510095 48.166490181340144),Uferstiege Neue Donau,"Rechtes Ufer Neue Donau, FKK-Zone im Bereich zwischen Walulisobrücke und Wehr 2",13,Stiege,
DONAUINSPKTOGD.75123,75123,POINT (16.50302703896904 48.167068982670024),Uferstiege Neue Donau,"Rechtes Ufer Neue Donau, FKK-Zone im Bereich zwischen Walulisobrücke und Wehr 2",13,Stiege,
DONAUINSPKTOGD.75124,75124,POINT (16.500836432559645 48.16842148298767),Schwimmponton,Rechtes Ufer Neue Donau im Bereich zwischen Walulisobrücke und Wehr 2,9,Ponton,
DONAUINSPKTOGD.75125,75125,POINT (16.482783775749233 48.180142374083644),Uferstiege Neue Donau,"Rechtes Ufer Neue Donau, FKK-Zone im Bereich zwischen Steinspornbrücke und Wehr 2",13,Stiege,
DONAUINSPKTOGD.75126,75126,POINT (16.479579591360253 48.1796596070849),Uferstiege Donau,Linkes Ufer Donau etwa 350 m stromauf des Donaukraftwerkes Freudenau,13,Stiege,
DONAUINSPKTOGD.75127,75127,POINT (16.480682160994768 48.181505865787145),Uferstiege Neue Donau,"Rechtes Ufer Neue Donau, FKK-Zone im Bereich zwischen Steinspornbrücke und Wehr 2",13,Stiege,
DONAUINSPKTOGD.75128,75128,POINT (16.477547894051288 48.18353529400088),Uferstiege Neue Donau,Rechtes Ufer Neue Donau im Bereich zwischen Steinspornbrücke und Walulisobrücke,13,Stiege,
DONAUINSPKTOGD.75129,75129,POINT (16.475818523885838 48.18465021142739),Uferstiege Neue Donau,Rechtes Ufer Neue Donau im Bereich zwischen Steinspornbrücke und Walulisobrücke,13,Stiege,
DONAUINSPKTOGD.75130,75130,POINT (16.471011918472406 48.18776474699408),Uferstiege Neue Donau,Rechtes Ufer Neue Donau im Bereich zwischen Steinspornbrücke und Walulisobrücke,13,Stiege,
DONAUINSPKTOGD.75131,75131,POINT (16.469072490374582 48.18902891137974),Uferstiege Neue Donau,Rechtes Ufer Neue Donau im Bereich zwischen Steinspornbrücke und Walulisobrücke,13,Stiege,
DONAUINSPKTOGD.75132,75132,POINT (16.465508120167033 48.19093988944537),Eisstand mit Getränken,Donauinseldamm etwa 250 m stromab der Steinspornbrücke,5,Imbiss,
DONAUINSPKTOGD.75133,75133,POINT (16.46592958962002 48.191105190325956),Schwimmponton,Rechtes Ufer Neue Donau im Bereich zwischen Steinspornbrücke und Walulisobrücke,9,Ponton,
DONAUINSPKTOGD.75134,75134,POINT (16.499962638497355 48.16896426036948),Uferstiege Neue Donau,"Rechtes Ufer Neue Donau, FKK-Zone im Bereich zwischen Walulisobrücke und Wehr 2",13,Stiege,
DONAUINSPKTOGD.75135,75135,POINT (16.49885172596534 48.169660408697666),Uferstiege Neue Donau,"Rechtes Ufer Neue Donau, FKK-Zone im Bereich zwischen Walulisobrücke und Wehr 2",13,Stiege,
DONAUINSPKTOGD.75136,75136,POINT (16.49802624063074 48.17018838896435),Schwimmponton,Rechtes Ufer Neue Donau im Bereich zwischen Walulisobrücke und Wehr 2,9,Ponton,
DONAUINSPKTOGD.75137,75137,POINT (16.496715405788233 48.16887466665198),Rad- und Wanderschenke Restaurant,"Donauinseldamm, FKK-Zone im Bereich zwischen  Walulisobrücke und Wehr 2",7,Lokal,
DONAUINSPKTOGD.75138,75138,POINT (16.49750805863137 48.170504027932964),Uferstiege Neue Donau,"Rechtes Ufer Neue Donau, FKK-Zone im Bereich zwischen Walulisobrücke und Wehr 2",13,Stiege,
DONAUINSPKTOGD.75139,75139,POINT (16.496309313723867 48.17127385209857),Uferstiege Neue Donau,"Rechtes Ufer Neue Donau, FKK-Zone im Bereich zwischen Walulisobrücke und Wehr 2",13,Stiege,
DONAUINSPKTOGD.75140,75140,POINT (16.495075423947174 48.1720731435426),Uferstiege Neue Donau,"Rechtes Ufer Neue Donau, FKK-Zone im Bereich zwischen Walulisobrücke und Wehr 2",13,Stiege,
DONAUINSPKTOGD.75141,75141,POINT (16.493241266607843 48.17331159408513),Schwimmponton,Rechtes Ufer Neue Donau im Bereich zwischen Walulisobrücke und Wehr 2,9,Ponton,
DONAUINSPKTOGD.75142,75142,POINT (16.4931120485414 48.17339837915792),Uferstiege Neue Donau,"Rechtes Ufer Neue Donau, FKK-Zone im Bereich zwischen Walulisobrücke und Wehr 2",13,Stiege,
DONAUINSPKTOGD.75143,75143,POINT (16.487081637911736 48.17738588250603),Uferstiege Neue Donau,"Rechtes Ufer Neue Donau, FKK-Zone im Bereich zwischen Steinspornbrücke und Wehr 2",13,Stiege,
DONAUINSPKTOGD.75144,75144,POINT (16.484413327738725 48.176976201092174),Uferstiege Donau,Linkes Ufer Donau etwa 150 m stromab des Donaukraftwerkes Freudenau,13,Stiege,
DONAUINSPKTOGD.75145,75145,POINT (16.48552637994071 48.17838233065041),Uferstiege Neue Donau,"Rechtes Ufer Neue Donau, FKK-Zone im Bereich zwischen Steinspornbrücke und Wehr 2",13,Stiege,
DONAUINSPKTOGD.75146,75146,POINT (16.485080273784554 48.17867044308495),Schwimmponton,Rechtes Ufer Neue Donau im Bereich zwischen Steinspornbrücke und Walulisobrücke,9,Ponton,
DONAUINSPKTOGD.75147,75147,POINT (16.46562659162906 48.191304178667465),"Schwimmponton Ruderverein, Kanuanlegestelle",Rechtes Ufer Neue Donau im Bereich zwischen Steinspornbrücke und Walulisobrücke,9,Ponton,
DONAUINSPKTOGD.75148,75148,POINT (16.465472970751183 48.191410105516354),Uferstiege Neue Donau,Rechtes Ufer Neue Donau im Bereich zwischen Steinspornbrücke und Walulisobrücke,13,Stiege,
DONAUINSPKTOGD.75149,75149,POINT (16.464835931548322 48.19136508956892),"Riverpoint,  Restaurant und Ruderzentrum",Donauinseldamm etwa 200 m stromab der Steinspornbrücke,7,Lokal,
DONAUINSPKTOGD.75150,75150,POINT (16.464813624041714 48.19184529505644),Uferstiege Neue Donau,Rechtes Ufer Neue Donau im Bereich zwischen Steinspornbrücke und Walulisobrücke,13,Stiege,
DONAUINSPKTOGD.75151,75151,POINT (16.464497806977782 48.19205001173264),"Schwimmponton Ruderverein, Kanuanlegestelle",Rechtes Ufer Neue Donau im Bereich zwischen Steinspornbrücke und Walulisobrücke,9,Ponton,
DONAUINSPKTOGD.75152,75152,POINT (16.464529800123593 48.19202282280005),Uferstiege Neue Donau,Rechtes Ufer Neue Donau im Bereich zwischen Steinspornbrücke und Walulisobrücke,13,Stiege,
DONAUINSPKTOGD.75153,75153,POINT (16.46445726133245 48.19207578028972),Uferstiege Neue Donau,Rechtes Ufer Neue Donau im Bereich zwischen Steinspornbrücke und Walulisobrücke,13,Stiege,
DONAUINSPKTOGD.75154,75154,POINT (16.463845006112543 48.19254521079186),"Schwimmponton Ruderverein, Kanuanlegestelle",Rechtes Ufer Neue Donau im Bereich zwischen Steinspornbrücke und Walulisobrücke,9,Ponton,
DONAUINSPKTOGD.75155,75155,POINT (16.463742454338774 48.19256247388439),Uferstiege Neue Donau,Rechtes Ufer Neue Donau im Bereich zwischen Steinspornbrücke und Walulisobrücke,13,Stiege,
DONAUINSPKTOGD.75156,75156,POINT (16.46271095519678 48.193263838348194),Uferstiege Neue Donau,Rechtes Ufer Neue Donau im Bereich zwischen Stadlauer Ostbahnbrücke und Steinspornbrücke,13,Stiege,
DONAUINSPKTOGD.75157,75157,POINT (16.46228062255445 48.19355030178851),Uferstiege Neue Donau,Rechtes Ufer Neue Donau im Bereich zwischen Stadlauer Ostbahnbrücke und Steinspornbrücke,13,Stiege,
DONAUINSPKTOGD.75158,75158,POINT (16.490150500261272 48.17804727791381),"""Biergartl"" -  Villa Wahnsinn; Restaurant - Club","Linker Hochwasserschutzdamm etwa 125 m stromauf der Walulisobrücke, am Ende der Raffineriestraße",7,Lokal,
DONAUINSPKTOGD.75159,75159,POINT (16.48911413414525 48.178630505399624),"Würstelstand  ""zur Kurv'n""; Imbiss","Linker Hochwasserschutzdamm etwa 150 m stromauf der Walulisobrücke, am Ende der Raffineriestraße",5,Imbiss,
DONAUINSPKTOGD.75160,75160,POINT (16.4871810363746 48.18006892589557),Parkplatz,"Linker Hochwasserschutzdamm im Bereich Steinspornbrücke bis Walulisobrücke, Raffineriestraße",8,Parkplatz,
DONAUINSPKTOGD.75161,75161,POINT (16.482504687422463 48.18307482507445),Parkplatz,"Linker Hochwasserschutzdamm im Bereich Steinspornbrücke bis Walulisobrücke, Raffineriestraße",8,Parkplatz,
DONAUINSPKTOGD.75162,75162,POINT (16.479550874363287 48.184996655137404),Parkplatz,"Linker Hochwasserschutzdamm im Bereich Steinspornbrücke bis Walulisobrücke, Raffineriestraße",8,Parkplatz,
DONAUINSPKTOGD.75163,75163,POINT (16.474759926317297 48.18781558507176),"Mosquito, Restaurant","Linker Hochwasserschutzdamm im Bereich Steinspornbrücke bis Walulisobrücke, Raffineriestraße",7,Lokal,
DONAUINSPKTOGD.75164,75164,POINT (16.473358494504666 48.189008717677915),Parkplatz,"Linker Hochwasserschutzdamm im Bereich Steinspornbrücke bis Walulisobrücke, Raffineriestraße",8,Parkplatz,
DONAUINSPKTOGD.75165,75165,POINT (16.470878508286418 48.190661260078265),Parkplatz,"Linker Hochwasserschutzdamm im Bereich Steinspornbrücke bis Walulisobrücke, Raffineriestraße",8,Parkplatz,
DONAUINSPKTOGD.75166,75166,POINT (16.46807621540582 48.192582976293345),Parkplatz,"Linker Hochwasserschutzdamm etwa 250 m stromab der Steinpornbrücke, Raffineriestraße",8,Parkplatz,
DONAUINSPKTOGD.75167,75167,POINT (16.465402469249955 48.194294053337444),Parkplatz,Linker Hochwasserschutzdamm im Bereich der Steinspornbrücke,8,Parkplatz,
DONAUINSPKTOGD.75168,75168,POINT (16.462375001938263 48.19630534134857),Parkplatz,"Linker Hochwasserschutzdamm im Bereich Grillzone Steinspornbrücke, Raffineriestraße",8,Parkplatz,
DONAUINSPKTOGD.75169,75169,POINT (16.458712372529458 48.1987664500547),Parkplatz,"Linker Hochwasserschutzdamm im Bereich Grillzone Steinspornbrücke, Raffineriestraße",8,Parkplatz,
DONAUINSPKTOGD.75170,75170,POINT (16.45471411041937 48.201494230889054),Parkplatz,"Linker Hochwasserschutzdamm im Bereich Grillzone Steinspornbrücke, Raffineriestraße",8,Parkplatz,
DONAUINSPKTOGD.75171,75171,POINT (16.421902932815826 48.22264288248339),Uferstiege Neue Donau,Linkes Ufer Neue Donau im Bereich zwischen Kaisermühlenbrücke und Wehr 1,13,Stiege,
DONAUINSPKTOGD.75172,75172,POINT (16.42159357671695 48.222879434291464),Uferstiege Neue Donau,Linkes Ufer Neue Donau im Bereich zwischen Kaisermühlenbrücke und Wehr 1,13,Stiege,
DONAUINSPKTOGD.75173,75173,POINT (16.420671996014494 48.22309524960753),Uferstiege Neue Donau,Linkes Ufer Neue Donau unter der Kaisermühlenbrücke,13,Stiege,
DONAUINSPKTOGD.75174,75174,POINT (16.419356494843797 48.224054531529205),Uferstiege Neue Donau,Linkes Ufer Neue Donau zwischen Reichsbrücke und Kaisermühlenbrücke,13,Stiege,
DONAUINSPKTOGD.75175,75175,POINT (16.418053168135 48.22503171649835),Uferstiege Neue Donau,Linkes Ufer Neue Doanu zwischen Reichsbrücke und Kaisermühlenbrücke,13,Stiege,
DONAUINSPKTOGD.75176,75176,POINT (16.416679412388895 48.22623547876635),Uferstiege Neue Donau,Linkes Ufer Neue Donau zwischen Reichsbrücke und Kaisermühlenbrücke,13,Stiege,
DONAUINSPKTOGD.75177,75177,POINT (16.41489832013596 48.227486767905184),Schwimmponton,Linkes Ufer Neue Donau zwischen Reichsbrücke und Kaisermühlenbrücke,9,Ponton,
DONAUINSPKTOGD.75178,75178,POINT (16.413341536546923 48.228728100356385),Uferstiege Neue Donau,Linkes Ufer Neue Donau zwischen Reichsbrücke und Kaisermühlenbrücke,13,Stiege,
DONAUINSPKTOGD.75179,75179,POINT (16.358334657304585 48.286599414874686),Uferstiege Neue Donau,Linkes Ufer Neue Donau im Bereich zwischen Einlaufbauwerk und Jedleseerbrücke,13,Stiege,
DONAUINSPKTOGD.75180,75180,POINT (16.354697979348714 48.291690531269175),Uferstiege Neue Donau,Linkes Ufer Neue Donau im Bereich zwischen Einlaufbauwerk und Jedleseerbrücke,13,Stiege,
DONAUINSPKTOGD.75181,75181,POINT (16.35336705611175 48.29340958720205),Uferstiege Neue Donau,Linkes Ufer Neue Donau im Bereich zwischen Einlaufbauwerk und Jedleseerbrücke,13,Stiege,
DONAUINSPKTOGD.75182,75182,POINT (16.35113359771581 48.2961141920517),Uferstiege Neue Donau,Linkes Ufer Neue Donau im Bereich zwischen Einlaufbauwerk und Jedleseerbrücke,13,Stiege,
DONAUINSPKTOGD.75183,75183,POINT (16.350631534293058 48.29774689334568),Parkplatz (Einlaufbauwerk),Linker Hochwasserschutzdamm im Bereich stromab des Einlaufbauwerkes,8,Parkplatz,
DONAUINSPKTOGD.75184,75184,POINT (16.363906760243715 48.28141995050688),Seefahrschule Dibl,"Linker Hochwasserschutzdamm stromab des Einlaufbauwerkes, Zufahrt Strebersdorf",16,Bootsverleih,
DONAUINSPKTOGD.75185,75185,POINT (16.36420238149804 48.28073089120833),"Auerhahn`s Strandbar, Imbiss und Bar",Linker Hochwasserschutzdamm im Bereich zwischen Einlaufbauwerk und Jedleseerbrücke,7,Lokal,
DONAUINSPKTOGD.75186,75186,POINT (16.366643804896068 48.27882491058443),Parkplatz (Segelhafen Nord),"Linker Hochwasserschutzdamm zwischen Einlaufbauwerk und jedleseerbrücke, Zufahrt Strebersdorf",8,Parkplatz,
DONAUINSPKTOGD.75187,75187,POINT (16.373347951858197 48.27016014893265),"Schilfhütte, Restaurant",Linker Hochwasserschutzdamm etwa 150 m stromauf der Jedleseerbrücke,7,Lokal,
DONAUINSPKTOGD.75188,75188,POINT (16.378567707298167 48.263988128961074),"Poidlhütte, Restaurant",Linker Hochwaserschutzdamm im Bereich zwischen Jedleseerbrücke und Nordbrücke,7,Lokal,
DONAUINSPKTOGD.75189,75189,POINT (16.39288973377187 48.24802002679278),Parkplatz (Floridsdorf),"Linker Hochwasserschutzdamm zw. Floridsdorfer- und Nordbahnbrücke, Abfahrt Parkplatz Wasserrutsche",8,Parkplatz,
DONAUINSPKTOGD.75190,75190,POINT (16.41090495174904 48.23100251907934),"Titanic, Bar","Linkes Ufer Neue Donau im Bereich Reichsbrücke stromauf, Copa Cagrana",7,Lokal,
DONAUINSPKTOGD.75191,75191,POINT (16.41031669535838 48.231467538393055),"Sapore di Mare, Restaurant","Linkes Ufer Neue Donau im Bereich Reichsbrücke stromauf, Copa Cagrana",7,Lokal,
DONAUINSPKTOGD.75192,75192,POINT (16.410088260527132 48.23163930811836),"Taverne Ios, Restaurant","Linkes Ufer Neue Donau im Bereich Reichsbrücke stromauf, Copa Cagrana",7,Lokal,
DONAUINSPKTOGD.75193,75193,POINT (16.40982232465092 48.231874936561546),"Mar Y Sol, Restaurant","Linkes Ufer Neue Donau im Bereich Reichsbrücke stromauf, Copa Cagrana",7,Lokal,
DONAUINSPKTOGD.75194,75194,POINT (16.409622061443983 48.232033083346295),"Rembetiko, Restaurant","Linkes Ufer Neue Donau im Bereich Reichsbrücke stromauf, Copa Cagrana",7,Lokal,
DONAUINSPKTOGD.75195,75195,POINT (16.409313860686947 48.232290714168606),"X'Tanbul, Shisha Bar","Linkes Ufer Neue Donau im Bereich Reichsbrücke stromauf, Copa Cagrana",7,Lokal,
DONAUINSPKTOGD.75196,75196,POINT (16.408869501489562 48.232630055795),"All Isola, Restaurant","Linkes Ufer Neue Donau im Bereich Reichsbrücke stromauf, Copa Cagrana",7,Lokal,
DONAUINSPKTOGD.75197,75197,POINT (16.40861496386897 48.23262642341059),Uferstiege Neue Donau,Linkes Ufer Neue Donau im Bereich zwischen Brigittenauerbrücke und Reichsbrücke,13,Stiege,
DONAUINSPKTOGD.75198,75198,POINT (16.408362683221416 48.232834570274434),Uferstiege Neue Donau,Linkes Ufer Neue Donau im Bereich zwischen Brigittenauerbrücke und Reichsbrücke,13,Stiege,
DONAUINSPKTOGD.75199,75199,POINT (16.408130353439006 48.23303014605292),Uferstiege Neue Donau,Linkes Ufer Neue Donau im Bereich zwischen Brigittenauerbrücke und Reichsbrücke,13,Stiege,
DONAUINSPKTOGD.75200,75200,POINT (16.398652680213743 48.24098956384686),"Donaupiraten, Restaurant",Linker Hochwasserschutzdamm etwa 50 m stromauf der Brigittenauerbrücke,7,Lokal,
DONAUINSPKTOGD.75201,75201,POINT (16.401012357831195 48.240660240529515),Parkplatz (Grillzone Brigittenauerbucht),"Linker Hochwasserschutzdamm unter der Brigittenauerbrücke, Abfahrt Parkplatz Wasserrutsche",8,Parkplatz,
DONAUINSPKTOGD.75202,75202,POINT (16.399004134959664 48.242280927694424),Parkplatz (Wasserrutsche),"Linker Hochwasserschutzdamm stromauf kurz vor Brigittenauerbrücke, Abfahrt Parkplatz Wasserrutsche",8,Parkplatz,
DONAUINSPKTOGD.75203,75203,POINT (16.397597133561565 48.243718802131),Parkplatz (Familienstrand/ Flachwasserzone),"Linker Hochwasserschutzdamm stromauf 250m vor Brigittenauerbrücke, Abfahrt Parkplatz Wasserrutsche",8,Parkplatz,
DONAUINSPKTOGD.75204,75204,POINT (16.397449623753797 48.24356102382688),"Eskimostand; Eis, Getränke und Snacks","Linker Hochwasserschutzdamm zwischen Norbahn- und Brigittenauerbrücke, Familienstrand",5,Imbiss,
DONAUINSPKTOGD.75205,75205,POINT (16.39577259178522 48.245124075104265),Arwex Kanu- und Kajakverleih,Linker Hochwasserschutzdamm zwischen Nordbahn- und Brigittenauerbrücke,12,Sportverleih,
DONAUINSPKTOGD.75206,75206,POINT (16.3956438412013 48.24526149741253),"Pfundner's Gastwirtschaft, Restaurant",Linker Hochwasserschutzdamm zwischen Nordbahn- und Brigittenauerbrücke,7,Lokal,
DONAUINSPKTOGD.75207,75207,POINT (16.39526542802824 48.244490860237356),Schwimmponton,Linkes Ufer Neue Donau im Bereich zwischen Nordbahnbrücke und Brigittenauerbrücke,9,Ponton,
DONAUINSPKTOGD.75208,75208,POINT (16.39237310622397 48.24775988716202),Uferstiege Neue Donau,Linkes Ufer Neue Donau im Bereich zwischen Floridsdorferbrücke und Nordbahnbrücke,13,Stiege,
DONAUINSPKTOGD.75209,75209,POINT (16.39138837722048 48.24875984024089),Uferstiege Neue Donau,Linkes Ufer Neue Donau im Bereich zwischen Floridsdorferbrücke und Nordbahnbrücke,13,Stiege,
DONAUINSPKTOGD.75210,75210,POINT (16.39122011639952 48.24892689443445),Uferstiege Neue Donau,Linkes Ufer Neue Donau im Bereich zwischen Floridsdorferbrücke und Nordbahnbrücke,13,Stiege,
DONAUINSPKTOGD.75211,75211,POINT (16.39070117822307 48.24946477392101),Uferstiege Neue Donau,Linkes Ufer Neue Donau im Bereich zwischen Floridsdorferbrücke und Nordbahnbrücke,13,Stiege,
DONAUINSPKTOGD.75212,75212,POINT (16.399995479476207 48.23869204933653),Uferstiege Neue Donau,Linkes Ufer Neue Donau im Bereich zwischen Brigittenauerbrücke und Reichsbrücke,13,Stiege,
DONAUINSPKTOGD.75213,75213,POINT (16.40203860943381 48.23697789144925),Uferstiege Neue Donau,Linkes Ufer Neue Donau im Bereich zwischen Brigittenauerbrücke und Reichsbrücke,13,Stiege,
DONAUINSPKTOGD.75214,75214,POINT (16.404150865276133 48.23690934442748),Uferstiege Neue Donau,Linkes Ufer Neue Donau im Bereich zwischen Brigittenauerbrücke und Reichsbrücke,13,Stiege,
DONAUINSPKTOGD.75215,75215,POINT (16.402699792299252 48.23680756956872),Uferstiege Neue Donau,Linkes Ufer Neue Donau im Bereich zwischen Brigittenauerbrücke und Reichsbrücke,13,Stiege,
DONAUINSPKTOGD.75216,75216,POINT (16.402771091919817 48.236863608492875),Uferstiege Neue Donau,Linkes Ufer Neue Donau im Bereich zwischen Brigittenauerbrücke und Reichsbrücke,13,Stiege,
DONAUINSPKTOGD.75217,75217,POINT (16.40351395899674 48.23748298708361),Uferstiege Neue Donau,Linkes Ufer Neue Donau im Bereich zwischen Brigittenauerbrücke und Reichsbrücke,13,Stiege,
DONAUINSPKTOGD.75218,75218,POINT (16.40416827469704 48.23676977059016),Uferstiege Neue Donau,Linkes Ufer Neue Donau im Bereich zwischen Brigittenauerbrücke und Reichsbrücke,13,Stiege,
DONAUINSPKTOGD.75219,75219,POINT (16.404229135175207 48.236624435170405),Uferstiege Neue Donau,Linkes Ufer Neue Donau im Bereich zwischen Brigittenauerbrücke und Reichsbrücke,13,Stiege,
DONAUINSPKTOGD.75220,75220,POINT (16.404356791800677 48.23649562900144),Uferstiege Neue Donau,Linkes Ufer Neue Donau im Bereich zwischen Brigittenauerbrücke und Reichsbrücke,13,Stiege,
DONAUINSPKTOGD.75221,75221,POINT (16.405632631658527 48.235374906747765),Schwimmponton,Linkes Ufer Neue Donau im Bereich zwischen Brigittenauerbrücke und Reichsbrücke,9,Ponton,
DONAUINSPKTOGD.75222,75222,POINT (16.40789375563312 48.23323114508576),Uferstiege Neue Donau,Linkes Ufer Neue Donau im Bereich zwischen Brigittenauerbrücke und Reichsbrücke,13,Stiege,
DONAUINSPKTOGD.75223,75223,POINT (16.4119537960577 48.23061149492685),Rad und Skaterverleih Copa Cagrana,"Linker Hochwasserschutzdamm im Bereich Reichsbrücke stromauf, Copa Cagrana",12,Sportverleih,
DONAUINSPKTOGD.75224,75224,POINT (16.38916732688099 48.25105588845302),Uferstiege Neue Donau,Linkes Ufer Neue Donau im Bereich zwischen Nordsteg und Floridsdorferbrücke,13,Stiege,
DONAUINSPKTOGD.75225,75225,POINT (16.38747051801743 48.25291942300741),Schwimmponton,Linkes Ufer Neue Donau im Bereich zwischen Nordsteg und Floridsdorferbrücke,13,Stiege,
DONAUINSPKTOGD.75226,75226,POINT (16.386214603014203 48.25424037257149),Uferstiege Neue Donau,Linkes Ufer Neue Donau im Bereich zwischen Nordsteg und Floridsdorferbrücke,13,Stiege,
DONAUINSPKTOGD.75227,75227,POINT (16.38425694313259 48.25625210023549),Uferstiege Neue Donau,Linkes Ufer Neue Donau im Bereich zwischen Nordbrücke und Nordsteg,13,Stiege,
DONAUINSPKTOGD.75228,75228,POINT (16.38155486479778 48.25937513681494),Uferstiege Neue Donau,Linkes Ufer Neue Donau im Bereich zwischen Jedleseerbrücke und Nordbrücke,13,Stiege,
DONAUINSPKTOGD.75229,75229,POINT (16.381157661899074 48.25989110225164),Schwimmponton,Linkes Ufer Neue Donau im Bereich zwischen Jedleseerbrücke und Nordbrücke,9,Ponton,
DONAUINSPKTOGD.75230,75230,POINT (16.377149441685045 48.26450956300442),Uferstiege Neue Donau,Linkes Ufer Neue Donau im Bereich zwischen Jedleseerbrücke und Nordbrücke,13,Stiege,
DONAUINSPKTOGD.75231,75231,POINT (16.37661684046217 48.26516443186441),Schwimmponton,Linkes Ufer Neue Donau im Bereich zwischen Jedleseerbrücke und Nordbrücke,9,Ponton,
DONAUINSPKTOGD.75232,75232,POINT (16.375334097207965 48.26675007059768),"Uferstiege Neue Donau, Betoninsel vorgelagert",Linkes Ufer Neue Donau im Bereich zwischen Jedleseerbrücke und Nordbrücke,13,Stiege,
DONAUINSPKTOGD.75233,75233,POINT (16.37525016818783 48.26684280715514),"Uferstiege Neue Donau, betoninsel vorgelagert",Linkes Ufer Neue Donau im Bereich zwischen Jedleseerbrücke und Nordbrücke,13,Stiege,
DONAUINSPKTOGD.75234,75234,POINT (16.374044427146337 48.26834943110421),Uferstiege Neue Donau,Linkes Ufer Neue Donau im Bereich zwischen Jedleseerbrücke und Nordbrücke,9,Ponton,
DONAUINSPKTOGD.75235,75235,POINT (16.3691514600411 48.274286635046394),Uferstiege Neue Donau,Linkes Ufer Neue Donau im Bereich zwischen Einlaufbauwerk und Jedleseerbrücke,13,Stiege,
DONAUINSPKTOGD.75236,75236,POINT (16.36788738084603 48.27568282469289),Uferstiege Neue Donau,Linkes Ufer Neue Donau im Bereich zwischen Einlaufbauwerk und Jedleseerbrücke,13,Stiege,
DONAUINSPKTOGD.75237,75237,POINT (16.365902397595438 48.277777307914455),Schwimmponton,Linkes Ufer Neue Donau im Bereich zwischen Einlaufbauwerk und Jedleseerbrücke,9,Ponton,
DONAUINSPKTOGD.75238,75238,POINT (16.36587312470127 48.27780814824284),Uferstiege Neue Donau,Linkes Ufer Neue Donau im Bereich zwischen Einlaufbauwerk und Jedleseerbrücke,13,Stiege,
DONAUINSPKTOGD.74881,74881,POINT (16.396551562010497 48.24318504507333),Flachwasserzone/ Famillienstrand,"Linkes Ufer Neue Donau zwischen  Nordbahn- und Brigittenauerbrücke, stromab U6 Station Neue Donau",-1,Flachzugang,
DONAUINSPKTOGD.74882,74882,POINT (16.45242805695075 48.20190977327883),Flachzugang Neue Donau,Linkes Ufer Neue Donau im Bereich zwischen Stadtlauer Ostbahnbrücke und Steinspornbrücke,-1,Flachzugang,
DONAUINSPKTOGD.74883,74883,POINT (16.45299385649074 48.20151469942284),Flachzugang Neue Donau,Linkes Ufer Neue Donau im Bereich zwischen Stadtlauer Ostbahnbrücke und Steinspornbrücke,-1,Flachzugang,
DONAUINSPKTOGD.74884,74884,POINT (16.49755187510795 48.172649454380135),Flachzugang Neue Donau,Linkes Ufer Neue Donau im Bereich zwischen Walulisobrücke und Wehr 2,-1,Flachzugang,
DONAUINSPKTOGD.74885,74885,POINT (16.407614221036333 48.23353848813182),Flachzugang Neue Donau,Linkes Ufer Neue Donau im Bereich zwischen Brigittenauerbrücke und Reichsbrücke,-1,Flachzugang,
DONAUINSPKTOGD.74886,74886,POINT (16.40216856222406 48.23819468639254),Flachzugang Neue Donau,Linkes Ufer Neue Donau im Bereich zwischen Brigittenauerbrücke und Reichsbrücke,-1,Flachzugang,
DONAUINSPKTOGD.74887,74887,POINT (16.501035774281338 48.16830912955375),Flachzugang Neue Donau,"Rechtes Ufer Neue Donau, FKK-Zone Süd im Bereich zwischen Walulisobrücke und Wehr 2",-1,Flachzugang,
DONAUINSPKTOGD.74888,74888,POINT (16.4916786354209 48.17428226907877),Flachzugang Neue Donau,"Rechtes Ufer Neue Donau, FKK-Zone Süd Nahe der Walulisobrücke",-1,Flachzugang,
DONAUINSPKTOGD.74889,74889,POINT (16.47833900514156 48.182828654722165),Flachzugang Neue Donau,Rechtes Ufer Neue Donau zwischen Steinspornbrücke und Walulisobrücke,-1,Flachzugang,
DONAUINSPKTOGD.74890,74890,POINT (16.45532211576548 48.197363183053895),Flachzugang Neue Donau,Rechtes Ufer Neue Donau zwischen Stadlauer Ostbahnbrücke und Steinspornbrücke,-1,Flachzugang,
DONAUINSPKTOGD.74891,74891,POINT (16.441548381128 48.20736744048558),Flachzugang Neue Donau,Rechtes Ufer Neue Donau zwischen Praterbrücke und Stasdlauer Ostbahnbrücke,-1,Flachzugang,
DONAUINSPKTOGD.74892,74892,POINT (16.42851457777081 48.21584455659363),Flachzugang Neue Donau,Rechtes Ufer Neue Donau im Bereich zwischen Kaisermühlenbrücke und Wehr 1,-1,Flachzugang,
DONAUINSPKTOGD.74893,74893,POINT (16.419533394728244 48.22004431085424),Flachzugang Donau,Linkes Ufer Donau im Bereich zwischen  Kaisermühlenbrücke und Wehr 1,-1,Flachzugang,
DONAUINSPKTOGD.74894,74894,POINT (16.41597583621055 48.224287557980404),Flachzugang Neue Donau,Rechtes Ufer Neue Donau im Bereich zwischen Kaisermühlenbrücke und Wehr 1,-1,Flachzugang,
DONAUINSPKTOGD.74895,74895,POINT (16.3477360089178 48.29472848846372),Flachzugang Donau,Linkes Ufer Neue Donau im Breich zwischen Einlaufbauwerk und Jedeleseerbrücke,-1,Flachzugang,
DONAUINSPKTOGD.74896,74896,POINT (16.347967539632183 48.29392824315793),Flachzugang Donau,Linkes Ufer Donau im Bereich zwischen Einlaufbauwerk und Jedleseerbrücke,-1,Flachzugang,
DONAUINSPKTOGD.74897,74897,POINT (16.348416270136212 48.293165096505746),Flachzugang Donau,Linkes Ufer Donau im Bereich zwischen Einlaufbauwerk und Jedleseerbrücke,-1,Flachzugang,
DONAUINSPKTOGD.74898,74898,POINT (16.348876589167517 48.292369666174494),Flachzugang Donau,Linkes Ufer Donau im Bereich zwischen Einlaufbauwerk und Jedleseerbrücke,-1,Flachzugang,
DONAUINSPKTOGD.74899,74899,POINT (16.349462646875104 48.291514823819966),Flachzugang Donau,Linkes Ufer Donau im Bereich zwischen Einlaufbauwerk und Jedleseerbrücke,-1,Flachzugang,
DONAUINSPKTOGD.74900,74900,POINT (16.35059219102567 48.29000268995829),Flachzugang Donau,Linkes Ufer Donau im Bereich zwischen Einlaufbauwerk und Jedleseerbrücke,-1,Flachzugang,
DONAUINSPKTOGD.74901,74901,POINT (16.351151131014586 48.289229188704724),Flachzugang Donau,Linkes Ufer Donau im Bereich zwischen Einlaufbauwerk und Jedleseerbrücke,-1,Flachzugang,
DONAUINSPKTOGD.74902,74902,POINT (16.351718505140934 48.288422307570855),Flachzugang Donau,Linkes Ufer Donau im Bereich zwischen Einlaufbauwerk und Jedleseerbrücke,-1,Flachzugang,
DONAUINSPKTOGD.74903,74903,POINT (16.35241218596139 48.28761477970488),Flachzugang Donau,Linkes Ufer Donau im Bereich zwischen Einlaufbauwerk und Jedleseerbrücke,-1,Flachzugang,
DONAUINSPKTOGD.74904,74904,POINT (16.353059426629112 48.286857180255666),Flachzugang Donau,Linkes Ufer Donau im Bereich zwischen Einlaufbauwerk und Jedleseerbrücke,-1,Flachzugang,
DONAUINSPKTOGD.74905,74905,POINT (16.353647303514588 48.286051955347936),Flachzugang Donau,Linkes Ufer Donau im Bereich zwischen Einlaufbauwerk und Jedleseerbrücke,-1,Flachzugang,
DONAUINSPKTOGD.74906,74906,POINT (16.35425752096383 48.28525992289492),Flachzugang Donau,Linkes Ufer Donau im Bereich zwischen Einlaufbauwerk und Jedleseerbrücke,-1,Flachzugang,
DONAUINSPKTOGD.74907,74907,POINT (16.35494164871202 48.28442196541817),Flachzugang Donau,Linkes Ufer Donau im Bereich zwischen Einlaufbauwerk und Jedleseerbrücke,-1,Flachzugang,
DONAUINSPKTOGD.74908,74908,POINT (16.355588974305 48.28369162634278),Flachzugang Donau,Linkes Ufer Donau im Bereich zwischen Einlaufbauwerk und Jedleseerbrücke,-1,Flachzugang,
DONAUINSPKTOGD.74909,74909,POINT (16.356182631642554 48.282860834166556),Flachzugang Donau,Linkes Ufer Donau im Bereich zwischen Einlaufbauwerk und Jedleseerbrücke,-1,Flachzugang,
DONAUINSPKTOGD.74910,74910,POINT (16.356808252923745 48.282077966954326),Flachzugang Donau,Linkes Ufer Donau im Bereich zwischen Einlaufbauwerk und Jedleseerbrücke,-1,Flachzugang,
