FID,OBJECTID,SHAPE,PARK,FLAECHE,TYP,TELEFON,EINFRIEDUNG,WEBLINK1,SE_ANNO_CAD_DATA
HUNDEZONEOGD.34473,34473,POINT (16.285424648225042 48.19496852133036),Gustav-Klimt-Park,179 m²,Hundezone,01 4000 8042,"Stabilgitterzaun 1m 1 Schwingflügeltür, 1 Tor",http://www.wien.gv.at/umwelt/parks/hundezonen.html,
HUNDEZONEOGD.34474,34474,POINT (16.4768767945364 48.2132579241964),Parkanlage Asperner Wies´n,1313 m²,Hundezone,01 4000 8042,Stabilgitterzaun 1m,http://www.wien.gv.at/umwelt/parks/hundezonen.html,
HUNDEZONEOGD.34475,34475,POINT (16.423841545232424 48.27775169270404),Parkanlage Pfendlergasse,965 m²,Hundezone,01 4000 8042,Stabilgitterzaun 1m 2 Schwingflügeltüren 1 Tor,http://www.wien.gv.at/umwelt/parks/hundezonen.html,
HUNDEZONEOGD.34476,34476,POINT (16.309075583720777 48.187826626444),Hadikpark,17988 m²,Hundeauslaufplatz,01 4000 8042,"Stabilgitterzaun 1m 3 Schwingflügeltüren 3 Tore, Wienflußgeländer",http://www.wien.gv.at/umwelt/parks/hundezonen.html,
HUNDEZONEOGD.34477,34477,POINT (16.339520020028186 48.17248224547935),Unter-Meidlinger Straße,2058 m²,Hundeauslaufplatz,01 4000 8042,keine Angabe,http://www.wien.gv.at/umwelt/parks/hundezonen.html,
HUNDEZONEOGD.34478,34478,POINT (16.31595802299036 48.14039090877973),PaN-Park,568 m²,Hundezone,01 4000 8042,Stabilgitterzaun 1m,http://www.wien.gv.at/umwelt/parks/hundezonen.html,
HUNDEZONEOGD.34479,34479,POINT (16.287017100711346 48.15193378527592),Parkanlage Pölleritzergasse,4191 m²,Hundeauslaufplatz,01 4000 8042,"Stabilgitterzaun 1m , Chestnutzaun",http://www.wien.gv.at/umwelt/parks/hundezonen.html,
HUNDEZONEOGD.34480,34480,POINT (16.41687229950378 48.215646820964245),Parkanlage Offenbachgasse,1608 m²,Hundezone,01 4000 8042,Stabilgitterzaun 1m,http://www.wien.gv.at/umwelt/parks/hundezonen.html,
HUNDEZONEOGD.34481,34481,POINT (16.414924137507338 48.21462351499641),Parkanlage Engerthstraße,798 m²,Hundezone,01 4000 8042,Stabilgitterzaun 1m,http://www.wien.gv.at/umwelt/parks/hundezonen.html,
HUNDEZONEOGD.34482,34482,POINT (16.267895068599547 48.19618900438983),Parkanlage Cossmanngasse,2058 m²,Hundezone,01 4000 8042,Stabilgitterzaun 1m 2 Schwingflügeltüren,http://www.wien.gv.at/umwelt/parks/hundezonen.html,
HUNDEZONEOGD.34483,34483,POINT (16.312684116299653 48.131027008336275),Parkanlage Siedlung Wienerflur ,1239 m²,Hundezone,01 4000 8042,Stabilgitterzaun 1m,http://www.wien.gv.at/umwelt/parks/hundezonen.html,
HUNDEZONEOGD.34484,34484,POINT (16.276510828952024 48.13680100508418),Herbert-Mayr-Park,2676 m²,Hundeauslaufplatz,01 4000 8042,Stabilgitterzaun 1m,http://www.wien.gv.at/umwelt/parks/hundezonen.html,
HUNDEZONEOGD.34485,34485,POINT (16.282443473153318 48.145815897118666),Fridtjof-Nansen-Park,1610 m²,Hundezone,01 4000 8042,Stabilgitterzaun 1m 3 Schwingflügeltüren,http://www.wien.gv.at/umwelt/parks/hundezonen.html,
HUNDEZONEOGD.34486,34486,POINT (16.37726830871953 48.16686860828889),Hebbelpark,451 m²,Hundezone,01 4000 8042,keine Einfriedung,http://www.wien.gv.at/umwelt/parks/hundezonen.html,
HUNDEZONEOGD.34487,34487,POINT (16.406137199441964 48.164104807409224),Parkanlage Löwygrube,222433 m²,Hundeauslaufplatz,01 4000 8042,keine Einfriedung,http://www.wien.gv.at/umwelt/parks/hundezonen.html,
HUNDEZONEOGD.34488,34488,POINT (16.394214410536865 48.27333128900558),Denglerpark,2691 m²,Hundezone,01 4000 8042,Stabilgitterzaun 1m,http://www.wien.gv.at/umwelt/parks/hundezonen.html,
HUNDEZONEOGD.34489,34489,POINT (16.38855470810531 48.257379010627616),Floridsdorfer Aupark,2502 m²,Hundezone,01 4000 8042,Stabilgitterzaun 1m,http://www.wien.gv.at/umwelt/parks/hundezonen.html,
HUNDEZONEOGD.34490,34490,POINT (16.324641675697762 48.22516497336067),Lidlpark,1215 m²,Hundezone,01 4000 8042,Stabilgitterzaun 1m,http://www.wien.gv.at/umwelt/parks/hundezonen.html,
HUNDEZONEOGD.34491,34491,POINT (16.359251122509985 48.1720784927551),Fortunapark,400 m²,Hundezone,01 4000 8042,"Stabilgitterzaun 1,3 m",http://www.wien.gv.at/umwelt/parks/hundezonen.html,
HUNDEZONEOGD.34492,34492,POINT (16.353903078355266 48.1748610262761),Martin-Luther-King-Park,734 m²,Hundezone,01 4000 8042,"Stabilgitterzaun 1m,1,8 m, Ziegelmauer 2 m",http://www.wien.gv.at/umwelt/parks/hundezonen.html,
HUNDEZONEOGD.34493,34493,POINT (16.298527135479937 48.147696106756975),Parkanlage Riegermühle,704 m²,Hundezone,01 4000 8042,Stabilgitterzaun 1m 4 Schwingflügeltüren,http://www.wien.gv.at/umwelt/parks/hundezonen.html,
HUNDEZONEOGD.34494,34494,POINT (16.350294302590648 48.23265440061418),Währinger Park,4483 m²,Hundezone,01 4000 8042,"Maschendrahtzaun 1m, Ziegelmauer 2,5m",http://www.wien.gv.at/umwelt/parks/hundezonen.html,
HUNDEZONEOGD.34495,34495,POINT (16.34836659701909 48.24527633913437),Saarpark,1292 m²,Hundezone,01 4000 8042,"Gitterzaun 1,6 m teilweise",http://www.wien.gv.at/umwelt/parks/hundezonen.html,
HUNDEZONEOGD.34496,34496,POINT (16.33913466052386 48.24486692693349),Olympiapark,3582 m²,Hundezone,01 4000 8042,Gitterzaun 1m,http://www.wien.gv.at/umwelt/parks/hundezonen.html,
HUNDEZONEOGD.34497,34497,POINT (16.337528286150746 48.23445179284946),Türkenschanzpark (Gregor-Mendel-Straße),1374 m²,Hundezone,01 4000 8042,Stabilgitterzaun 1m,http://www.wien.gv.at/umwelt/parks/hundezonen.html,
HUNDEZONEOGD.34498,34498,POINT (16.329932600963033 48.234261097528496),Türkenschanzpark (Hasenauerstraße),1844 m²,Hundezone,01 4000 8042,Stabilgitterzaun 1m,http://www.wien.gv.at/umwelt/parks/hundezonen.html,
HUNDEZONEOGD.34499,34499,POINT (16.438630554565155 48.23209003002292),Lagerwiese Rehlacke,4355 m²,Hundezone,01 4000 8042,eingezäunt,http://www.wien.gv.at/umwelt/parks/hundezonen.html,
HUNDEZONEOGD.34500,34500,POINT (16.37801620399507 48.17051298909663),Antonspark,957 m²,Hundezone,01 4000 8042,keine Einfriedung,http://www.wien.gv.at/umwelt/parks/hundezonen.html,
HUNDEZONEOGD.34501,34501,POINT (16.377484042802184 48.17055730474703),Antonspark,730 m²,Hundezone,01 4000 8042,keine Einfriedung,http://www.wien.gv.at/umwelt/parks/hundezonen.html,
HUNDEZONEOGD.34502,34502,POINT (16.37520230971978 48.1789343141009),Parkanlage Keplerplatz,297 m²,Hundezone,01 4000 8042,Stabilgitterzaun mit 2 Toren,http://www.wien.gv.at/umwelt/parks/hundezonen.html,
HUNDEZONEOGD.34503,34503,POINT (16.46222459468973 48.15673192200733),Parkanlage Paulasgasse,1961 m²,Hundezone,01 4000 8042,"Stabilgitterzaun 1m, Gitterzaun 1m, Holzzaun",http://www.wien.gv.at/umwelt/parks/hundezonen.html,
HUNDEZONEOGD.34504,34504,POINT (16.333203478138206 48.18936281682192),Parkanlage Kranzgasse,635 m²,Hundezone,01 4000 8042,Stabilgitterzaun 1m 2 Schwingflügeltüren,http://www.wien.gv.at/umwelt/parks/hundezonen.html,
HUNDEZONEOGD.34505,34505,POINT (16.378169620908324 48.248700438936375),Schmetterlingspark,385 m²,Hundezone,01 4000 8042,Stabilgitterzaun 1m,http://www.wien.gv.at/umwelt/parks/hundezonen.html,
HUNDEZONEOGD.34506,34506,POINT (16.437584804310905 48.24935607628673),Parkanlage Schrickgasse,798 m²,Hundezone,01 4000 8042,Stabilgitterzaun 1m 2 Schwingflügeltüren 1 Tor,http://www.wien.gv.at/umwelt/parks/hundezonen.html,
HUNDEZONEOGD.34507,34507,POINT (16.30368592720668 48.16998127458976),Parkanlage Fasangartengasse,896 m²,Hundezone,01 4000 8042,"Stabilgitterzaun 1m 2 Schwingflügeltüren, 1 Tor",http://www.wien.gv.at/umwelt/parks/hundezonen.html,
HUNDEZONEOGD.34508,34508,POINT (16.480519738675238 48.22027299238374),Grünanlage Aspernstraße,323 m²,Hundezone,01 4000 8042,Stabilgitterzaun 1m 2 Schwingflügeltüren,http://www.wien.gv.at/umwelt/parks/hundezonen.html,
HUNDEZONEOGD.34509,34509,POINT (16.333211592729807 48.23953316828785),Hugo-Wolf-Park,8169 m²,Hundeauslaufplatz,01 4000 8042,keine Einfriedung,http://www.wien.gv.at/umwelt/parks/hundezonen.html,
HUNDEZONEOGD.34510,34510,POINT (16.30197257495444 48.196192353306415),Matzner-Park,5584 m²,Hundezone,01 4000 8042,Stabilgitterzaun 1m,http://www.wien.gv.at/umwelt/parks/hundezonen.html,
HUNDEZONEOGD.34511,34511,POINT (16.33051047264983 48.19844416385643),Reithofferpark,671 m²,Hundezone,01 4000 8042,Stabilgitterzaun 1m 2 Schwingflügeltüren 2 Tore,http://www.wien.gv.at/umwelt/parks/hundezonen.html,
HUNDEZONEOGD.34512,34512,POINT (16.339829977798434 48.21279566614624),Hernalser Gürtel 2,672 m²,Hundezone,01 4000 8042,Stabilgitterzaun 1m,http://www.wien.gv.at/umwelt/parks/hundezonen.html,
HUNDEZONEOGD.34513,34513,POINT (16.42887810574736 48.169477471970715),Parkanlage Blériotgasse,1850 m²,Hundezone,01 4000 8042,Stabilgitterzaun 1m,http://www.wien.gv.at/umwelt/parks/hundezonen.html,
HUNDEZONEOGD.34596,34596,POINT (16.45560571590533 48.15146402576505),keine Angabe,1551 m²,Hundeauslaufplatz,01 4000 8042,keine Angabe,http://www.wien.gv.at/umwelt/parks/hundezonen.html,
HUNDEZONEOGD.34597,34597,POINT (16.413105536688906 48.248209634186566),Parkanlage Mühlschüttel,402 m²,Hundezone,01 4000 8042,Stabilgitter 1m,http://www.wien.gv.at/umwelt/parks/hundezonen.html,
HUNDEZONEOGD.34598,34598,POINT (16.33821186644649 48.167811133624575),keine Angabe,1788 m²,Hundeauslaufplatz,01 4000 8042,keine Angabe,http://www.wien.gv.at/umwelt/parks/hundezonen.html,
HUNDEZONEOGD.34599,34599,POINT (16.34675985832003 48.14106778747904),keine Angabe,1900 m²,Hundezone,01 4000 8042,keine Angabe,http://www.wien.gv.at/umwelt/parks/hundezonen.html,
HUNDEZONEOGD.34600,34600,POINT (16.307733782683243 48.1223827666496),keine Angabe,3057 m²,Hundeauslaufplatz,01 4000 8042,keine Angabe,http://www.wien.gv.at/umwelt/parks/hundezonen.html,
HUNDEZONEOGD.34601,34601,POINT (16.339047264940604 48.18137571588571),Steinbauerpark,507 m²,Hundezone,01 4000 8042,"Stabilgitterzaun 1m und 4m, 1 Schwingflügeltür, 1 Tor",http://www.wien.gv.at/umwelt/parks/hundezonen.html,
HUNDEZONEOGD.34602,34602,POINT (16.355517938173932 48.162696565793674),keine Angabe,8736 m²,Hundeauslaufplatz,01 4000 8042,keine Angabe,http://www.wien.gv.at/umwelt/parks/hundezonen.html,
HUNDEZONEOGD.34603,34603,POINT (16.514329717714947 48.201540526272595),keine Angabe,3346 m²,Hundezone,01 4000 8042,keine Angabe,http://www.wien.gv.at/umwelt/parks/hundezonen.html,
HUNDEZONEOGD.34604,34604,POINT (16.403976572846776 48.19595756705125),Bock-Park,228 m²,Hundezone,01 4000 8042,"Stabilgitterzaun 1,1m 2 Schwingflügeltüren",http://www.wien.gv.at/umwelt/parks/hundezonen.html,
HUNDEZONEOGD.34605,34605,POINT (16.404117332281803 48.19591469416864),Bock-Park,0 m²,Hundezone,01 4000 8042,"Stabilgitterzaun 1,1m 2 Schwingflügeltüren",http://www.wien.gv.at/umwelt/parks/hundezonen.html,
HUNDEZONEOGD.34606,34606,POINT (16.241354614625287 48.227606404184364),keine Angabe,25443 m²,Hundeauslaufplatz,01 4000 8042,keine Angabe,http://www.wien.gv.at/umwelt/parks/hundezonen.html,
HUNDEZONEOGD.34607,34607,POINT (16.27861429949717 48.24613105230065),keine Angabe,79701 m²,Hundeauslaufplatz,01 4000 8042,keine Angabe,http://www.wien.gv.at/umwelt/parks/hundezonen.html,
HUNDEZONEOGD.34608,34608,POINT (16.317580714142842 48.26126385307177),keine Angabe,12940 m²,Hundeauslaufplatz,01 4000 8042,keine Angabe,http://www.wien.gv.at/umwelt/parks/hundezonen.html,
HUNDEZONEOGD.34609,34609,POINT (16.45075288627749 48.21639198649756),keine Angabe,4283 m²,Hundeauslaufplatz,01 4000 8042,keine Angabe,http://www.wien.gv.at/umwelt/parks/hundezonen.html,
HUNDEZONEOGD.34610,34610,POINT (16.379033333487502 48.22461046796979),keine Angabe,2002 m²,Hundezone,01 4000 8042,"Maschendrahtzaun 1,7m",http://www.wien.gv.at/umwelt/parks/hundezonen.html,
HUNDEZONEOGD.34611,34611,POINT (16.371045902514556 48.22641855138226),keine Angabe,1161 m²,Hundezone,01 4000 8042,"Maschendrahtzaun 1,7m, Mauer",http://www.wien.gv.at/umwelt/parks/hundezonen.html,
HUNDEZONEOGD.34612,34612,POINT (16.430092035614535 48.26064598425741),Theresa-Tauscher-Park,1345 m²,Hundezone,01 4000 8042,"66lfm Stabilgittermattenzaun,78,5lfm Maschendrahtzaun ",http://www.wien.gv.at/umwelt/parks/hundezonen.html,
HUNDEZONEOGD.34613,34613,POINT (16.411701501518458 48.20391888283007),Prater - Rustenschacher,228924 m²,Hundeauslaufplatz,01 4000 8042,keine Angabe,http://www.wien.gv.at/umwelt/parks/hundezonen.html,
HUNDEZONEOGD.34537,34537,POINT (16.384862150107768 48.20052443085224),Grünanlage Linke Bahngasse,2725 m²,Hundezone,01 4000 8042,"Stabilgitterzaun 1m, Holzzaun 1m",http://www.wien.gv.at/umwelt/parks/hundezonen.html,
HUNDEZONEOGD.34538,34538,POINT (16.380047876172213 48.20392622034132),Stadtpark - Wienflusspromenade,1899 m²,Hundezone,01 4000 8042,keine Einfriedung,http://www.wien.gv.at/umwelt/parks/hundezonen.html,
HUNDEZONEOGD.34539,34539,POINT (16.323209570119566 48.170792819001456),Parkanlage Breitenfurter Straße ,3505 m²,Hundeauslaufplatz,01 4000 8042,keine Einfriedung,http://www.wien.gv.at/umwelt/parks/hundezonen.html,
HUNDEZONEOGD.34540,34540,POINT (16.268426945148526 48.14989749327544),Ölzeltpark,355 m²,Hundezone,01 4000 8042,Stabilgitterzaun 1m 1Flügeltüre,http://www.wien.gv.at/umwelt/parks/hundezonen.html,
HUNDEZONEOGD.34541,34541,POINT (16.309270310074226 48.14832077212827),Michael-Bausback-Park,3834 m²,Hundezone,01 4000 8042,Stabilgitterzaun 1m 2 Schwingflügeltüren,http://www.wien.gv.at/umwelt/parks/hundezonen.html,
HUNDEZONEOGD.34542,34542,POINT (16.31689881011843 48.15298994274619),Wohnparkstraße,1327 m²,Hundezone,01 4000 8042,Stabilgitterzaun 1m 2 Schwingflügeltüren,http://www.wien.gv.at/umwelt/parks/hundezonen.html,
HUNDEZONEOGD.34543,34543,POINT (16.329832879381694 48.15565407920939),Parkanlage Wilhelm-Erben-Gasse,6427 m²,Hundeauslaufplatz,01 4000 8042,keine Einfriedung,http://www.wien.gv.at/umwelt/parks/hundezonen.html,
HUNDEZONEOGD.34544,34544,POINT (16.274415322591988 48.18179540171985),Parkanlage Roter Berg,8155 m²,Hundeauslaufplatz,01 4000 8042,"Stabilgitterzaun 1m, Jägerzaun, frei",http://www.wien.gv.at/umwelt/parks/hundezonen.html,
HUNDEZONEOGD.34545,34545,POINT (16.400558501548876 48.21967370279499),Max-Winter-Park,464 m²,Hundezone,01 4000 8042,"Metallzaun 1,6 m",http://www.wien.gv.at/umwelt/parks/hundezonen.html,
HUNDEZONEOGD.34546,34546,POINT (16.397111547513386 48.225395933964634),Rudolf-Bednar-Park,296 m²,Hundezone,01 4000 8042,Stabilgitterzaun 1m,http://www.wien.gv.at/umwelt/parks/hundezonen.html,
HUNDEZONEOGD.34547,34547,POINT (16.36860771604284 48.17111015428785),Parkanlage Paltramplatz,481 m²,Hundezone,01 4000 8042,Einfriedung teilweise,http://www.wien.gv.at/umwelt/parks/hundezonen.html,
HUNDEZONEOGD.34548,34548,POINT (16.320550502312265 48.17126857055634),Parkanlage Schwenkgasse,1976 m²,Hundezone,01 4000 8042,Stabilgitterzaun 1m,http://www.wien.gv.at/umwelt/parks/hundezonen.html,
HUNDEZONEOGD.34549,34549,POINT (16.449767547154647 48.23177294433822),Otto-Affenzeller-Park,2401 m²,Hundezone,01 4000 8042,Gitterzaun 1m,http://www.wien.gv.at/umwelt/parks/hundezonen.html,
HUNDEZONEOGD.34550,34550,POINT (16.47681271691164 48.24163181073439),Teich Hirschstetten,27295 m²,Hundeauslaufplatz,01 4000 8042,keine Einfriedung,http://www.wien.gv.at/umwelt/parks/hundezonen.html,
HUNDEZONEOGD.34551,34551,POINT (16.365431220766904 48.191369360933315),Rubenspark,345 m²,Hundezone,01 4000 8042,Metallzaun 1m,http://www.wien.gv.at/umwelt/parks/hundezonen.html,
HUNDEZONEOGD.34552,34552,POINT (16.34766523131907 48.18739865521461),Parkanlage Am Hundsturm,212 m²,Hundezone,01 4000 8042,"Metallzaun 1m, Metallzaun 0,6 m",http://www.wien.gv.at/umwelt/parks/hundezonen.html,
HUNDEZONEOGD.34553,34553,POINT (16.350552649009497 48.186223307645776),Einsiedlerpark,213 m²,Hundezone,01 4000 8042,Stabilgitterzaun 1m ,http://www.wien.gv.at/umwelt/parks/hundezonen.html,
HUNDEZONEOGD.34554,34554,POINT (16.339053815050963 48.225829307072296),Schubertpark,1336 m²,Hundezone,01 4000 8042,Stabilgitterzaun 1m 2 Schwingflügeltüren,http://www.wien.gv.at/umwelt/parks/hundezonen.html,
HUNDEZONEOGD.34514,34514,POINT (16.44776555851016 48.272398609826425),Parkanlage Gitlbauergasse,1983 m²,Hundezone,01 4000 8042,Stabilgitterzaun 1m,http://www.wien.gv.at/umwelt/parks/hundezonen.html,
HUNDEZONEOGD.34515,34515,POINT (16.450013690541283 48.28713842899952),Parkanlage Illgasse,1193 m²,Hundezone,01 4000 8042,Stabilgitterzaun 1m,http://www.wien.gv.at/umwelt/parks/hundezonen.html,
HUNDEZONEOGD.34516,34516,POINT (16.469972325493092 48.1545438364271),Parkanlage Flammweg,1928 m²,Hundezone,01 4000 8042,Stabilgitterzaun 1m,http://www.wien.gv.at/umwelt/parks/hundezonen.html,
HUNDEZONEOGD.34517,34517,POINT (16.425634021947214 48.17669290030144),Parkanlage Lautenschlägergasse,1115 m²,Hundezone,01 4000 8042,"Stabilgitterzaun 1m, Stabilgitterzaun 1,6 m",http://www.wien.gv.at/umwelt/parks/hundezonen.html,
HUNDEZONEOGD.34518,34518,POINT (16.413062287357054 48.18143595802002),Hyblerpark,342 m²,Hundezone,01 4000 8042,Stabilgitterzaun 1m,http://www.wien.gv.at/umwelt/parks/hundezonen.html,
HUNDEZONEOGD.34519,34519,POINT (16.37303645679444 48.199608868879594),Resselpark,707 m²,Hundezone,01 4000 8042,"Stabilgitterzaun 1m, 2 Schwingflügeltüren",http://www.wien.gv.at/umwelt/parks/hundezonen.html,
HUNDEZONEOGD.34520,34520,POINT (16.338023022797834 48.20738505268198),Lerchenfelder Gürtel 30-32,463 m²,Hundezone,01 4000 8042,Stabilgitterzaun 1m,http://www.wien.gv.at/umwelt/parks/hundezonen.html,
HUNDEZONEOGD.34521,34521,POINT (16.366999949988546 48.18113692286169),Waldmüllerpark,5195 m²,Hundezone,01 4000 8042,Secessionsgitter 1m,http://www.wien.gv.at/umwelt/parks/hundezonen.html,
HUNDEZONEOGD.34522,34522,POINT (16.339453848720538 48.18892354028953),Gumpendorfer Gürtel 2,209 m²,Hundezone,01 4000 8042,Stabilgitterzaun 1m 2 Schwingflügeltüren 1 Tor,http://www.wien.gv.at/umwelt/parks/hundezonen.html,
HUNDEZONEOGD.34523,34523,POINT (16.382158638716177 48.23970424196287),Parkanlage Durchlaufstraße,1780 m²,Hundezone,01 4000 8042,keine Einfriedung,http://www.wien.gv.at/umwelt/parks/hundezonen.html,
HUNDEZONEOGD.34524,34524,POINT (16.387179750037973 48.23399864648044),Mortarapark,460 m²,Hundezone,01 4000 8042,"Stabilgitterzaun 1,6 m 2 Schwingflügeltüren",http://www.wien.gv.at/umwelt/parks/hundezonen.html,
HUNDEZONEOGD.34525,34525,POINT (16.38033931120929 48.244518948496065),Parkanlage Friedrich-Engels-Platz,328 m²,Hundezone,01 4000 8042,Stabilgitterzaun 1m,http://www.wien.gv.at/umwelt/parks/hundezonen.html,
HUNDEZONEOGD.34526,34526,POINT (16.3780158526922 48.21372841792423),Manes-Sperber-Park,320 m²,Hundezone,01 4000 8042,"Stabilgitterzaun 1,2 m",http://www.wien.gv.at/umwelt/parks/hundezonen.html,
HUNDEZONEOGD.34527,34527,POINT (16.405436921173237 48.19121502997827),Parkanlage Baumgasse,1395 m²,Hundezone,01 4000 8042,"Stabilgitterzaun 1m, Gitterzaun 3 m",http://www.wien.gv.at/umwelt/parks/hundezonen.html,
HUNDEZONEOGD.34528,34528,POINT (16.396007225879806 48.208453394719086),Treppelweg - Weißgerberlände (Höhe Hunderwasser-Haus),550 m²,Hundezone,01 4000 8042,Stabilgitterzaun 1m,http://www.wien.gv.at/umwelt/parks/hundezonen.html,
HUNDEZONEOGD.34529,34529,POINT (16.396703779956628 48.206220332435606),Treppelweg - Weißgerberlände (Rotundenbrücke),435 m²,Hundezone,01 4000 8042,Stabilgitterzaun 1m,http://www.wien.gv.at/umwelt/parks/hundezonen.html,
HUNDEZONEOGD.34530,34530,POINT (16.37310347810319 48.21524545468454),Franz-Josefs-Kai,1994 m²,Hundezone,01 4000 8042,Stabilgitterzaun 1m,http://www.wien.gv.at/umwelt/parks/hundezonen.html,
HUNDEZONEOGD.34531,34531,POINT (16.267561771320597 48.160778264751436),Napoleonwald,10518 m²,Hundeauslaufplatz,01 4000 8042,keine Einfriedung,http://www.wien.gv.at/umwelt/parks/hundezonen.html,
HUNDEZONEOGD.34532,34532,POINT (16.39056485479699 48.198528611998924),Arenbergpark,1157 m²,Hundezone,01 4000 8042,Stabilgitterzaun 1m,http://www.wien.gv.at/umwelt/parks/hundezonen.html,
HUNDEZONEOGD.34533,34533,POINT (16.400974523655346 48.19748182080209),Kardinal-Nagl-Park,597 m²,Hundezone,01 4000 8042,Stabilgitterzaun 1m,http://www.wien.gv.at/umwelt/parks/hundezonen.html,
HUNDEZONEOGD.34534,34534,POINT (16.39943799406412 48.190615387333295),Waisenhauspark,763 m²,Hundezone,01 4000 8042,"Stabilgitterzaun 1m, Stabilgitterzaun 2,5 m",http://www.wien.gv.at/umwelt/parks/hundezonen.html,
HUNDEZONEOGD.34535,34535,POINT (16.385839647654045 48.18794463400351),Schweizergarten (Landstraßer Gürtel/Schweizer-Garten-Straße),1427 m²,Hundezone,01 4000 8042,"Gitterzaun 1,6 m",http://www.wien.gv.at/umwelt/parks/hundezonen.html,
HUNDEZONEOGD.34536,34536,POINT (16.384610783730583 48.18486119046829),Schweizergarten (Arsenalstraße/Ghegastraße),4184 m²,Hundezone,01 4000 8042,"Gitterzaun 1m, Gitterzaun 2 m, Stabilgitterzaun 1m",http://www.wien.gv.at/umwelt/parks/hundezonen.html,
HUNDEZONEOGD.34555,34555,POINT (16.327872191207877 48.17357749477831),Edelsinnstraße ggü. 8,1451 m²,Hundezone,01 4000 8042,Stabilgitterzaun 1m mit 2 Toren,http://www.wien.gv.at/umwelt/parks/hundezonen.html,
HUNDEZONEOGD.34556,34556,POINT (16.321014515941187 48.19043458987853),Parkanlage Winckelmannstraße,1382 m²,Hundezone,01 4000 8042,Stabilgitterzaun 1m 4 Schwingflügeltüren,http://www.wien.gv.at/umwelt/parks/hundezonen.html,
HUNDEZONEOGD.34557,34557,POINT (16.31914123347102 48.196938379959526),Forschneritschpark,651 m²,Hundezone,01 4000 8042,Stabilgitterzaun 1m 2 Schwingflügeltüren,http://www.wien.gv.at/umwelt/parks/hundezonen.html,
HUNDEZONEOGD.34558,34558,POINT (16.350519129865276 48.18285001387455),Ernst-Lichtblau-Park,238 m²,Hundezone,01 4000 8042,keine Einfriedung,http://www.wien.gv.at/umwelt/parks/hundezonen.html,
HUNDEZONEOGD.34559,34559,POINT (16.355660683744727 48.18147609989744),Parkanlage Leopold-Rister-Gasse,354 m²,Hundezone,01 4000 8042,Stabilgitterzaun 1m,http://www.wien.gv.at/umwelt/parks/hundezonen.html,
HUNDEZONEOGD.34560,34560,POINT (16.362598610701937 48.18482144809353),Klieberpark,101 m²,Hundezone,01 4000 8042,Stabilgitterzaun 1m,http://www.wien.gv.at/umwelt/parks/hundezonen.html,
HUNDEZONEOGD.34561,34561,POINT (16.363476625839848 48.18801102162152),Rudolf-Sallinger-Park,182 m²,Hundezone,01 4000 8042,Stabilgitterzaun 1m,http://www.wien.gv.at/umwelt/parks/hundezonen.html,
HUNDEZONEOGD.34562,34562,POINT (16.35481152577729 48.187456167056204),Bacherpark,354 m²,Hundezone,01 4000 8042,"Metallzaun 1m, Metallzaun 0,6 m",http://www.wien.gv.at/umwelt/parks/hundezonen.html,
HUNDEZONEOGD.34563,34563,POINT (16.354539469323097 48.194791151844626),Ernst-Arnold-Park,364 m²,Hundezone,01 4000 8042,keine Einfriedung,http://www.wien.gv.at/umwelt/parks/hundezonen.html,
HUNDEZONEOGD.34564,34564,POINT (16.343241976401625 48.18684930697428),Parkanlage Mittelzone (Margaretengürtel),463 m²,Hundezone,01 4000 8042,Stabilgitterzaun 1m,http://www.wien.gv.at/umwelt/parks/hundezonen.html,
HUNDEZONEOGD.34565,34565,POINT (16.34865356089768 48.1807941589325),Parkanlage Mittelzone (Gaudenzdorfer Gürtel),2933 m²,Hundezone,01 4000 8042,Stabilgitterzaun 1m,http://www.wien.gv.at/umwelt/parks/hundezonen.html,
HUNDEZONEOGD.34566,34566,POINT (16.356454531561212 48.20566261117397),Weghuberpark,239 m²,Hundezone,01 4000 8042,Stabilgitterzaun 1m,http://www.wien.gv.at/umwelt/parks/hundezonen.html,
HUNDEZONEOGD.34567,34567,POINT (16.35111965985331 48.212410704546414),Schönbornpark,1117 m²,Hundezone,01 4000 8042,Stabilgitterzaun 2 m,http://www.wien.gv.at/umwelt/parks/hundezonen.html,
HUNDEZONEOGD.34568,34568,POINT (16.34475330338 48.211196020098),Hamerlingpark,319 m²,Hundezone,01 4000 8042,"Stabilgitterzaun 1m, Holzzaun 1m",http://www.wien.gv.at/umwelt/parks/hundezonen.html,
HUNDEZONEOGD.34569,34569,POINT (16.35390479318086 48.221532043414726),Arne-Carlsson-Park,623 m²,Hundezone,01 4000 8042,Stabilgitterzaun 1m,http://www.wien.gv.at/umwelt/parks/hundezonen.html,
HUNDEZONEOGD.34570,34570,POINT (16.35836261795421 48.22631056317433),Lichtentalerpark,701 m²,Hundezone,01 4000 8042,Stabilgitterzaun 1m,http://www.wien.gv.at/umwelt/parks/hundezonen.html,
HUNDEZONEOGD.34571,34571,POINT (16.328444788551842 48.1899229895718),Dadlerpark,1874 m²,Hundezone,01 4000 8042,"Stabilgitterzaun 1 m, Maschendrahtzaun 2 m, 1 Schwingflügeltür",http://www.wien.gv.at/umwelt/parks/hundezonen.html,
HUNDEZONEOGD.34572,34572,POINT (16.316502286566124 48.188126309959316),Auer-Welsbach-Park,10064 m²,Hundeauslaufplatz,01 4000 8042,Stahlpollerabgrenzung 1m,http://www.wien.gv.at/umwelt/parks/hundezonen.html,
HUNDEZONEOGD.34573,34573,POINT (16.3326039612451 48.20401833605372),Vogelweidpark,2059 m²,Hundezone,01 4000 8042,Stabilgitterzaun 1m,http://www.wien.gv.at/umwelt/parks/hundezonen.html,
HUNDEZONEOGD.34574,34574,POINT (16.334596519067745 48.17885272534656),Parkanlage Vierthalergasse,707 m²,Hundezone,01 4000 8042,Stabilgitterzaun 1m 2 Schwingflügeltüren,http://www.wien.gv.at/umwelt/parks/hundezonen.html,
HUNDEZONEOGD.34575,34575,POINT (16.327869364403792 48.15683263514326),Parkanlage Lichtensterngasse,9368 m²,Hundeauslaufplatz,01 4000 8042,keine Einfriedung,http://www.wien.gv.at/umwelt/parks/hundezonen.html,
HUNDEZONEOGD.34576,34576,POINT (16.316681450553762 48.17856402255026),Parkanlage Steinweisweg,922 m²,Hundezone,01 4000 8042,Stabilgitterzaun 1m 3 Schwingflügeltüren,http://www.wien.gv.at/umwelt/parks/hundezonen.html,
HUNDEZONEOGD.34577,34577,POINT (16.374740970545698 48.21564202023108),Wilhelm-Kienzl-Park,3653 m²,Hundeauslaufplatz,01 4000 8042,keine Einfriedung,http://www.wien.gv.at/umwelt/parks/hundezonen.html,
HUNDEZONEOGD.34578,34578,POINT (16.371975044193213 48.15896967541858),Parkanlage Heuberggstätten,136406 m²,Hundeauslaufplatz,01 4000 8042,keine Einfriedung,http://www.wien.gv.at/umwelt/parks/hundezonen.html,
HUNDEZONEOGD.34579,34579,POINT (16.29112266370583 48.138370229946396),Parkanlage Gaulgasse,6522 m²,Hundezone,01 4000 8042,Stabilgitterzaun 1m 3 Schwingflügeltüren,http://www.wien.gv.at/umwelt/parks/hundezonen.html,
HUNDEZONEOGD.34580,34580,POINT (16.361616976380965 48.19808875356799),Alfred-Grünwald-Park,656 m²,Hundezone,01 4000 8042,Stabilgitterzaun 1m,http://www.wien.gv.at/umwelt/parks/hundezonen.html,
HUNDEZONEOGD.34581,34581,POINT (16.327418853769228 48.21010138708216),Richard-Wagner-Park,587 m²,Hundezone,01 4000 8042,"Metallzaun 0,5 m, Stabilgitterzaun 1,6 m",http://www.wien.gv.at/umwelt/parks/hundezonen.html,
HUNDEZONEOGD.34582,34582,POINT (16.442910986282488 48.25827044415628),Ingeborg-Bachmann-Park,420 m²,Hundezone,01 4000 8042,Stabilgitterzaun 1m,http://www.wien.gv.at/umwelt/parks/hundezonen.html,
HUNDEZONEOGD.34583,34583,POINT (16.37353892087708 48.2444564480954),Forsthauspark,2392 m²,Hundeauslaufplatz,01 4000 8042,keine Einfriedung,http://www.wien.gv.at/umwelt/parks/hundezonen.html,
HUNDEZONEOGD.34584,34584,POINT (16.384276668164745 48.23893038585938),Allerheiligenpark,2272 m²,Hundezone,01 4000 8042,Stabilgitterzaun 1m,http://www.wien.gv.at/umwelt/parks/hundezonen.html,
HUNDEZONEOGD.34585,34585,POINT (16.383976225894305 48.16774467592288),Alfred-Böhm-Park,2674 m²,Hundezone,01 4000 8042,Stabilgitterzaun 1m,http://www.wien.gv.at/umwelt/parks/hundezonen.html,
HUNDEZONEOGD.34586,34586,POINT (16.399586796307172 48.24898090870048),Parkanlage Angeliwiese,14552 m²,Hundezone,01 4000 8042,Stabilgitterzaun 1m,http://www.wien.gv.at/umwelt/parks/hundezonen.html,
HUNDEZONEOGD.34587,34587,POINT (16.382731172261536 48.268512580616445),Parkanlage Überfuhrstraße  ,2419 m²,Hundezone,01 4000 8042,Stabilgitterzaun 1m,http://www.wien.gv.at/umwelt/parks/hundezonen.html,
HUNDEZONEOGD.34588,34588,POINT (16.352246823984476 48.197945158669604),Esterházypark,433 m²,Hundezone,01 4000 8042,Stabilgitterzaun 1m,http://www.wien.gv.at/umwelt/parks/hundezonen.html,
HUNDEZONEOGD.34589,34589,POINT (16.34375761678733 48.15233350790074),Draschepark,50008 m²,Hundeauslaufplatz,01 4000 8042,keine Angabe,http://www.wien.gv.at/umwelt/parks/hundezonen.html,
HUNDEZONEOGD.34590,34590,POINT (16.2495576505581 48.20214477791528),Ferdinand-Wolf-Park,2641 m²,Hundezone,01 4000 8042,keine Angabe,http://www.wien.gv.at/umwelt/parks/hundezonen.html,
HUNDEZONEOGD.34591,34591,POINT (16.394201978310363 48.21936753183987),Venediger-Au-Park,1803 m²,Hundezone,01 4000 8042,Stabilgitterzaun 1m,http://www.wien.gv.at/umwelt/parks/hundezonen.html,
HUNDEZONEOGD.34592,34592,POINT (16.3785182273504 48.179507720289074),Humboldtpark,230 m²,Hundezone,01 4000 8042,"Chestnutzaun, Stabilgitter, Sezzessionsgitter",http://www.wien.gv.at/umwelt/parks/hundezonen.html,
HUNDEZONEOGD.34593,34593,POINT (16.361002122878403 48.243386860308476),Wertheimsteinpark,1485 m²,Hundeauslaufplatz,01 4000 8042,keine Angabe,http://www.wien.gv.at/umwelt/parks/hundezonen.html,
HUNDEZONEOGD.34594,34594,POINT (16.361624979706797 48.206185148610196),Heldenplatz,904 m²,Hundezone,01 4000 8042,Stabilgitterzaun 1m,http://www.wien.gv.at/umwelt/parks/hundezonen.html,
HUNDEZONEOGD.34595,34595,POINT (16.394991565699915 48.21511589336249),Prater - Laufbergerwiese,1020 m²,Hundezone,01 4000 8042,"Stabilgitterzaun 1,2 m",http://www.wien.gv.at/umwelt/parks/hundezonen.html,
HUNDEZONEOGD.34433,34433,POINT (16.443511724841137 48.25438655008178),Grünanlage Eipeldauer Straße,903 m²,Hundezone,01 4000 8042,Stabilgitterzaun 1m,http://www.wien.gv.at/umwelt/parks/hundezonen.html,
HUNDEZONEOGD.34434,34434,POINT (16.380104711055015 48.17649425183292),Parkanlage Wielandplatz,310 m²,Hundezone,01 4000 8042,Stabilgitterzaun 1m 2 Schwingflügeltüren,http://www.wien.gv.at/umwelt/parks/hundezonen.html,
HUNDEZONEOGD.34435,34435,POINT (16.382160341657404 48.16976524349072),Parkanlage Wieselburger Gasse,1650 m²,Hundezone,01 4000 8042,keine Einfriedung,http://www.wien.gv.at/umwelt/parks/hundezonen.html,
HUNDEZONEOGD.34436,34436,POINT (16.36851257223831 48.17454643873984),Laubepark,110 m²,Hundezone,01 4000 8042,Stabilgitterzaun 1m,http://www.wien.gv.at/umwelt/parks/hundezonen.html,
HUNDEZONEOGD.34437,34437,POINT (16.370800453273684 48.17272154960023),Arthaberpark,697 m²,Hundezone,01 4000 8042,"Stabilgitterzaun 1,6 m",http://www.wien.gv.at/umwelt/parks/hundezonen.html,
HUNDEZONEOGD.34438,34438,POINT (16.407579283989147 48.173423303886075),Herderpark/Am Kanal,3221 m²,Hundezone,01 4000 8042,keine Einfriedung,http://www.wien.gv.at/umwelt/parks/hundezonen.html,
HUNDEZONEOGD.34439,34439,POINT (16.40862540250292 48.17219113733437),Herderpark,432 m²,Hundezone,01 4000 8042,"Gitterzaun 2 m, Stabilgitterzaun 1m",http://www.wien.gv.at/umwelt/parks/hundezonen.html,
HUNDEZONEOGD.34440,34440,POINT (16.415620432657512 48.16740814825837),Luise-Montag-Park,4312 m²,Hundezone,01 4000 8042,Stabilgitterzaun 1m,http://www.wien.gv.at/umwelt/parks/hundezonen.html,
HUNDEZONEOGD.34441,34441,POINT (16.418153905702674 48.16887788570572),Parkanlage Haugerstraße,1768 m²,Hundezone,01 4000 8042,Stabilgitterzaun 1m,http://www.wien.gv.at/umwelt/parks/hundezonen.html,
HUNDEZONEOGD.34442,34442,POINT (16.42505201550659 48.15678034448309),Parkanlage Pretschgasse,3045 m²,Hundezone,01 4000 8042,"Stabilgitterzaun 1m, Stabilgitterzaun 1,6 m",http://www.wien.gv.at/umwelt/parks/hundezonen.html,
HUNDEZONEOGD.34443,34443,POINT (16.36657732631609 48.22595232208402),Treppelweg - Roßauer Lände,526 m²,Hundezone,01 4000 8042,Stabilgitterzaun 1m,http://www.wien.gv.at/umwelt/parks/hundezonen.html,
HUNDEZONEOGD.34444,34444,POINT (16.280414264722463 48.13600874104622),Grünanlage Liesinger Platz,150 m²,Hundezone,01 4000 8042,Stabilgitterzaun 1 m,http://www.wien.gv.at/umwelt/parks/hundezonen.html,
HUNDEZONEOGD.34445,34445,POINT (16.382806506001312 48.27833776482543),Parkanlage Schlossergasse,800 m²,Hundezone,01 4000 8042,"Stabilgitterzaun 1m, 3 Schwingflügeltüren",http://www.wien.gv.at/umwelt/parks/hundezonen.html,
HUNDEZONEOGD.34446,34446,POINT (16.443920317434078 48.16112057648776),Schloß Neugebäude - Unterer Garten,1821 m²,Hundeauslaufplatz,01 4000 8042,"Wildzaun 2m, Stabilgitterzaun 1m , Chestnutzaun",http://www.wien.gv.at/umwelt/parks/hundezonen.html,
HUNDEZONEOGD.34447,34447,POINT (16.35949690155147 48.25249916902923),Heiligenstädter Park,1886 m²,Hundezone,01 4000 8042,Stabilgitterzaun 1m mit 2 Toren,http://www.wien.gv.at/umwelt/parks/hundezonen.html,
HUNDEZONEOGD.34448,34448,POINT (16.311637186313384 48.22703127422783),Alszeile (ggü Sportclubplatz),877 m²,Hundezone,01 4000 8042,"Stabilgitterzaun 1m 2 Schwingflügeltüren, 1 Tor",http://www.wien.gv.at/umwelt/parks/hundezonen.html,
HUNDEZONEOGD.34449,34449,POINT (16.381273841110204 48.252783818297374),Donauinsel Nord (MA45),12796 m²,Hundeauslaufplatz,01 4000 8042,Kennzeichnung mittels Pflöcken,http://www.wien.gv.at/umwelt/parks/hundezonen.html,
HUNDEZONEOGD.34450,34450,POINT (16.40376705188822 48.22557080536074),Mexikopark,4653 m²,Hundezone,01 4000 8042,"Gitterzaun 1,4 m",http://www.wien.gv.at/umwelt/parks/hundezonen.html,
HUNDEZONEOGD.34451,34451,POINT (16.32572511835024 48.163135046483205),Miep-Gies-Park,710 m²,Hundezone,01 4000 8042,Stabilgitterzaun 1m 2 Schwingflügeltüren,http://www.wien.gv.at/umwelt/parks/hundezonen.html,
HUNDEZONEOGD.34452,34452,POINT (16.338191501459615 48.187168911154885),Parkanlage Harthausergasse,644 m²,Hundezone,01 4000 8042,Stabilgitterzaun 1m 2 Schwingflügeltüren,http://www.wien.gv.at/umwelt/parks/hundezonen.html,
HUNDEZONEOGD.34453,34453,POINT (16.38575800385994 48.17246972418743),Puchsbaumpark,632 m²,Hundezone,01 4000 8042,Stabilgitterzaun 1m 2 Schwingflügeltüren,http://www.wien.gv.at/umwelt/parks/hundezonen.html,
HUNDEZONEOGD.34454,34454,POINT (16.405642850894512 48.2745127297962),Parkanlage Thomagasse,745 m²,Hundezone,01 4000 8042,"Stabilgitterzaun 1m 2 Schwingflügeltüren, 1 Tor",http://www.wien.gv.at/umwelt/parks/hundezonen.html,
HUNDEZONEOGD.34455,34455,POINT (16.410857969237103 48.20880989849098),Prater - Pelzmais,121721 m²,Hundeauslaufplatz,01 4000 8042,keine Einfriedung,http://www.wien.gv.at/umwelt/parks/hundezonen.html,
HUNDEZONEOGD.34456,34456,POINT (16.321232723560623 48.14848439422548),Altmannsdorfer Straße vor ONr. 168-170,539 m²,Hundezone,01 4000 8042,keine Angabe,http://www.wien.gv.at/umwelt/parks/hundezonen.html,
HUNDEZONEOGD.34457,34457,POINT (16.322062684163033 48.14563447422026),Altmannsdorfer Straße vor ONr. 178-182,503 m²,Hundezone,01 4000 8042,keine Angabe,http://www.wien.gv.at/umwelt/parks/hundezonen.html,
HUNDEZONEOGD.34458,34458,POINT (16.445743724270056 48.20691441728401),Neue Donau Süd (MA45),19005 m²,Hundeauslaufplatz,01 4000 8042,Kennzeichnung mittels Pflöcken,http://www.wien.gv.at/umwelt/parks/hundezonen.html,
HUNDEZONEOGD.34459,34459,POINT (16.42136196584912 48.22428361483989),Kaisermühlen (MA45),3173 m²,Hundezone,01 4000 8042,keine Angabe,http://www.wien.gv.at/umwelt/parks/hundezonen.html,
HUNDEZONEOGD.34460,34460,POINT (16.311375307373677 48.22262935143845),Kongreßpark,3278 m²,Hundezone,01 4000 8042,Stabilgitterzaun 1m,http://www.wien.gv.at/umwelt/parks/hundezonen.html,
HUNDEZONEOGD.34461,34461,POINT (16.3075840285754 48.20114097820116),Ordeltpark,1653 m²,Hundezone,01 4000 8042,Stabilgitterzaun 1m 2 Schwingflügeltüren 2 Tore,http://www.wien.gv.at/umwelt/parks/hundezonen.html,
HUNDEZONEOGD.34462,34462,POINT (16.325858026342722 48.21446435271412),Lorenz-Bayer-Park,541 m²,Hundezone,01 4000 8042,Stabilgitterzaun 2 m,http://www.wien.gv.at/umwelt/parks/hundezonen.html,
HUNDEZONEOGD.34463,34463,POINT (16.279433254350586 48.206178267476716),Steinhofer Park,11787 m²,Hundezone,01 4000 8042,Einfriedung teilweise,http://www.wien.gv.at/umwelt/parks/hundezonen.html,
HUNDEZONEOGD.34464,34464,POINT (16.43959226690751 48.200229753872165),Prater - Wehlistraße-Ostbahn,4540 m²,Hundeauslaufplatz,01 4000 8042,keine Angabe,http://www.wien.gv.at/umwelt/parks/hundezonen.html,
HUNDEZONEOGD.34465,34465,POINT (16.414084046618157 48.17114195766332),Braunhuberpark,423 m²,Hundezone,01 4000 8042,Stabilgitterzaun 1m,http://www.wien.gv.at/umwelt/parks/hundezonen.html,
HUNDEZONEOGD.34466,34466,POINT (16.32725252236442 48.181984568339736),Theresienbadpark ,538 m²,Hundezone,01 4000 8042,Stabilgitterzaun 1m 2 Schwingflügeltüren,http://www.wien.gv.at/umwelt/parks/hundezonen.html,
HUNDEZONEOGD.34467,34467,POINT (16.291500448697747 48.153094055463555),Parkanlage Endemanngasse,496 m²,Hundezone,01 4000 8042,"Stabilgitterzaun 1m 1 Schwingflügeltür, 1 Tor",http://www.wien.gv.at/umwelt/parks/hundezonen.html,
HUNDEZONEOGD.34468,34468,POINT (16.44219011900863 48.24117660919094),Dolfi-Gruber-Weg,1228 m²,Hundezone,01 4000 8042,"Stabilgitterzaun 1m 2 Schwingflügeltüren, 1 Tor",http://www.wien.gv.at/umwelt/parks/hundezonen.html,
HUNDEZONEOGD.34469,34469,POINT (16.43814592107273 48.23869212526813),Parkanlage Donaustadtstraße,749 m²,Hundezone,01 4000 8042,Stabilgitterzaun 1m,http://www.wien.gv.at/umwelt/parks/hundezonen.html,
HUNDEZONEOGD.34470,34470,POINT (16.3710065413226 48.23533203193472),Hugo-Gottschlich-Park,684 m²,Hundezone,01 4000 8042,Stabilgitterzaun 1m,http://www.wien.gv.at/umwelt/parks/hundezonen.html,
HUNDEZONEOGD.34471,34471,POINT (16.27819384608914 48.139625335215),Parkanlage Theophil-Hansen-Gasse,5260 m²,Hundezone,01 4000 8042,Stabilgitterzaun 1m 4 Schwingflügeltüren 2 Tore,http://www.wien.gv.at/umwelt/parks/hundezonen.html,
HUNDEZONEOGD.34472,34472,POINT (16.314334999782893 48.206346835237305),Rohrauerpark,343 m²,Hundezone,01 4000 8042,Stabilgitterzaun 1m,http://www.wien.gv.at/umwelt/parks/hundezonen.html,
