FID,OBJECTID,SHAPE,ADRESSE,AUSNAHME_TXT,STELLPL_ANZ,WEITERE_INF,SE_ANNO_CAD_DATA
PARKENANRAINEROGD.42321,42321,"LINESTRING (16.345025344561478 48.1902056801868, 16.34535523470104 48.19026276081765)","6, Dominikanergasse 9 bis 11",ausg. Fahrzeuge mit Parkkleber für den 6. Bezirk,5,http://www.wien.gv.at/verkehr/parken/kurzparkzonen/anrainerparken/index.html,
PARKENANRAINEROGD.42322,42322,"LINESTRING (16.344698776169196 48.1897925843258, 16.34469132749932 48.1899267860001)","6, Morizgasse 4",ausg. Fahrzeuge mit Parkkleber für den 6. Bezirk,3,http://www.wien.gv.at/verkehr/parken/kurzparkzonen/anrainerparken/index.html,
PARKENANRAINEROGD.42323,42323,"LINESTRING (16.34504854115753 48.18956769810548, 16.345380193230092 48.18955482262988, 16.345649218411566 48.18955527712613)","6, Mollardgasse 77",ausg. Fahrzeuge mit Parkkleber für den 6. Bezirk,14,http://www.wien.gv.at/verkehr/parken/kurzparkzonen/anrainerparken/index.html,
PARKENANRAINEROGD.42324,42324,"LINESTRING (16.346242071409485 48.189586634878594, 16.346324128098416 48.18959315102299, 16.34644704795825 48.18960898263114)","6, Mollardgasse 69 bis 71",ausg. Fahrzeuge mit Parkkleber für den 6. Bezirk,5,http://www.wien.gv.at/verkehr/parken/kurzparkzonen/anrainerparken/index.html,
PARKENANRAINEROGD.42325,42325,"LINESTRING (16.347924222623753 48.189822392244764, 16.348352320067708 48.18984197715809)","6, Mollardgasse 40 bis 42",ausg. Fahrzeuge mit Parkkleber für den 6. Bezirk,6,http://www.wien.gv.at/verkehr/parken/kurzparkzonen/anrainerparken/index.html,
PARKENANRAINEROGD.42326,42326,"LINESTRING (16.349776226339955 48.205766607583655, 16.349737120532826 48.205611918290934)","7, Döblergasse 1",ausg. Fahrzeuge mit Parkkleber für den 7. Bezirk,3,http://www.wien.gv.at/verkehr/parken/kurzparkzonen/anrainerparken/index.html,
PARKENANRAINEROGD.42327,42327,"LINESTRING (16.340589650983894 48.195071828290565, 16.340470085442178 48.19522602244383)","6, Bürgerspitalgasse 29",ausg. Fahrzeuge mit Parkkleber für den 6. Bezirk,6,http://www.wien.gv.at/verkehr/parken/kurzparkzonen/anrainerparken/index.html,
PARKENANRAINEROGD.42328,42328,"LINESTRING (16.359759300832387 48.198902244836525, 16.35953554341302 48.19914963387858)","6, Laimgrubengasse 14 bis 18",ausg. Fahrzeuge mit Parkkleber für den 6. Bezirk,5,http://www.wien.gv.at/verkehr/parken/kurzparkzonen/anrainerparken/index.html,
PARKENANRAINEROGD.42329,42329,"LINESTRING (16.34586201687015 48.189558591147524, 16.346144567874486 48.189579505122275)","6, Mollardgasse 71 bis 73",ausg. Fahrzeuge mit Parkkleber für den 6. Bezirk,7,http://www.wien.gv.at/verkehr/parken/kurzparkzonen/anrainerparken/index.html,
PARKENANRAINEROGD.42330,42330,"LINESTRING (16.346919607313946 48.189629398474814, 16.346930956032494 48.18944998630714)","6, Fallgasse 1",ausg. Fahrzeuge mit Parkkleber für den 6. Bezirk,4,http://www.wien.gv.at/verkehr/parken/kurzparkzonen/anrainerparken/index.html,
PARKENANRAINEROGD.42331,42331,"LINESTRING (16.34053679179712 48.19447019440221, 16.34072790853218 48.1945408564662)","6, Matrosengasse 9",ausg. Fahrzeuge mit Parkkleber für den 6. Bezirk,3,http://www.wien.gv.at/verkehr/parken/kurzparkzonen/anrainerparken/index.html,
PARKENANRAINEROGD.42332,42332,"LINESTRING (16.35288762588408 48.21197004545401, 16.352939633100526 48.21179276893084)","8, Buchfeldgasse 18A",ausg. Fahrzeuge mit Parkkleber für den 8. Bezirk,4,http://www.wien.gv.at/verkehr/parken/kurzparkzonen/anrainerparken/index.html,
PARKENANRAINEROGD.42333,42333,"LINESTRING (16.352037179175376 48.20966011187417, 16.351983835390637 48.20983667328295)","8, Lange Gasse 35 bis 35A",ausg. Fahrzeuge mit Parkkleber für den 8. Bezirk,4,http://www.wien.gv.at/verkehr/parken/kurzparkzonen/anrainerparken/index.html,
PARKENANRAINEROGD.42334,42334,"LINESTRING (16.352026892102327 48.2104087961775, 16.352490971218792 48.21047001248787)","8, Schmidgasse 13 bis 15",ausg. Fahrzeuge mit Parkkleber für den 8. Bezirk,7,http://www.wien.gv.at/verkehr/parken/kurzparkzonen/anrainerparken/index.html,
PARKENANRAINEROGD.42335,42335,"LINESTRING (16.35406594021875 48.21082401309027, 16.35404200555747 48.21109348938955)","8, Lenaugasse 14 bis 16",ausg. Fahrzeuge mit Parkkleber für den 8. Bezirk,6,http://www.wien.gv.at/verkehr/parken/kurzparkzonen/anrainerparken/index.html,
PARKENANRAINEROGD.42336,42336,"LINESTRING (16.35049647886595 48.21060543316345, 16.35076703637816 48.210603019033044)","8, Maria-Treu-Gasse 6 bis 8",ausg. Fahrzeuge mit Parkkleber für den 8. Bezirk,4,http://www.wien.gv.at/verkehr/parken/kurzparkzonen/anrainerparken/index.html,
PARKENANRAINEROGD.42337,42337,"LINESTRING (16.35022825277174 48.211145378427716, 16.35010167541349 48.21172407647847)","8, Piaristengasse 56-58 bis 62",ausg. Fahrzeuge mit Parkkleber für den 8. Bezirk,13,http://www.wien.gv.at/verkehr/parken/kurzparkzonen/anrainerparken/index.html,
PARKENANRAINEROGD.42338,42338,"LINESTRING (16.353136056217572 48.21109739459945, 16.353258386790575 48.21070048403269)","8, Buchfeldgasse 10 bis 12",ausg. Fahrzeuge mit Parkkleber für den 8. Bezirk,9,http://www.wien.gv.at/verkehr/parken/kurzparkzonen/anrainerparken/index.html,
PARKENANRAINEROGD.42339,42339,"LINESTRING (16.354015106763715 48.213477711283204, 16.35407134908796 48.21324464675686)","8, Wickenburggasse 16 bis 18-22",ausg. Fahrzeuge mit Parkkleber für den 8. Bezirk,5,http://www.wien.gv.at/verkehr/parken/kurzparkzonen/anrainerparken/index.html,
PARKENANRAINEROGD.42340,42340,"LINESTRING (16.35390558870734 48.213550289724566, 16.353878020686707 48.213684504677296, 16.353827478288803 48.21404206288253)","8, Wickenburggasse 15 bis 19",ausg. Fahrzeuge mit Parkkleber für den 8. Bezirk,11,http://www.wien.gv.at/verkehr/parken/kurzparkzonen/anrainerparken/index.html,
PARKENANRAINEROGD.42341,42341,"LINESTRING (16.353027932268787 48.21474503684686, 16.35305276313485 48.21447377565439)","8, Schlösselgasse 21",ausg. Fahrzeuge mit Parkkleber für den 8. Bezirk,6,http://www.wien.gv.at/verkehr/parken/kurzparkzonen/anrainerparken/index.html,
PARKENANRAINEROGD.42342,42342,"LINESTRING (16.352396433513498 48.21335106930578, 16.352565542629417 48.213359372813976)","8, Laudongasse 5",ausg. Fahrzeuge mit Parkkleber für den 8. Bezirk,4,http://www.wien.gv.at/verkehr/parken/kurzparkzonen/anrainerparken/index.html,
PARKENANRAINEROGD.42343,42343,"LINESTRING (16.35153684709859 48.21341347048922, 16.351416690819804 48.21340813230253)","8, Laudongasse 12",ausg. Fahrzeuge mit Parkkleber für den 8. Bezirk,4,http://www.wien.gv.at/verkehr/parken/kurzparkzonen/anrainerparken/index.html,
PARKENANRAINEROGD.42344,42344,"LINESTRING (16.350974274128973 48.213794136904056, 16.350990207599363 48.21349373040685)","8, Lange Gasse 59 bis 61",ausg. Fahrzeuge mit Parkkleber für den 8. Bezirk,6,http://www.wien.gv.at/verkehr/parken/kurzparkzonen/anrainerparken/index.html,
PARKENANRAINEROGD.42345,42345,"LINESTRING (16.3509184928413 48.214798865297205, 16.350928440335203 48.214619125454156)","8, Lange Gasse 69",ausg. Fahrzeuge mit Parkkleber für den 8. Bezirk,4,http://www.wien.gv.at/verkehr/parken/kurzparkzonen/anrainerparken/index.html,
PARKENANRAINEROGD.42346,42346,"LINESTRING (16.356748683587117 48.206148948700964, 16.35697229527932 48.20598103814969)","7, Museumstraße 12",ausg. Fahrzeuge mit Parkkleber für den 7. Bezirk,5,http://www.wien.gv.at/verkehr/parken/kurzparkzonen/anrainerparken/index.html,
PARKENANRAINEROGD.42347,42347,"LINESTRING (16.355419157057877 48.20542136336039, 16.355454661909224 48.20542318298955, 16.355516567231735 48.20541891200541, 16.356073733982388 48.20544296526247)","7, Neustiftgasse 3 bis 5",ausg. Fahrzeuge mit Parkkleber für den 7. Bezirk,9,http://www.wien.gv.at/verkehr/parken/kurzparkzonen/anrainerparken/index.html,
PARKENANRAINEROGD.42348,42348,"LINESTRING (16.35558798196077 48.20475410027565, 16.35569595438977 48.2044944633074)","7, Kirchberggasse 22 bis 24",ausg. Fahrzeuge mit Parkkleber für den 7. Bezirk,6,http://www.wien.gv.at/verkehr/parken/kurzparkzonen/anrainerparken/index.html,
PARKENANRAINEROGD.42349,42349,"LINESTRING (16.354520133100465 48.204931879761325, 16.354547561227335 48.20480980751642, 16.35454470455909 48.20480656705786, 16.354538038643167 48.20480268419927)","7, Faßziehergasse 8",ausg. Fahrzeuge mit Parkkleber für den 7. Bezirk,3,http://www.wien.gv.at/verkehr/parken/kurzparkzonen/anrainerparken/index.html,
PARKENANRAINEROGD.42350,42350,"LINESTRING (16.354098142108207 48.20572758479021, 16.354141134035924 48.20555723369448)","7, Mechitaristengasse 1",ausg. Fahrzeuge mit Parkkleber für den 7. Bezirk,3,http://www.wien.gv.at/verkehr/parken/kurzparkzonen/anrainerparken/index.html,
PARKENANRAINEROGD.42351,42351,"LINESTRING (16.351595919497555 48.20621687134194, 16.351597282381206 48.20590236165242)","7, Kellermanngasse 6 bis 8",ausg. Fahrzeuge mit Parkkleber für den 7. Bezirk,12,http://www.wien.gv.at/verkehr/parken/kurzparkzonen/anrainerparken/index.html,
PARKENANRAINEROGD.42352,42352,"LINESTRING (16.351468422615707 48.20492876144583, 16.351472995245558 48.205108417630235)","7, Kirchengasse 41 bis 43",ausg. Fahrzeuge mit Parkkleber für den 7. Bezirk,4,http://www.wien.gv.at/verkehr/parken/kurzparkzonen/anrainerparken/index.html,
PARKENANRAINEROGD.42353,42353,"LINESTRING (16.351198922403025 48.20418357155841, 16.350614588812288 48.20417603208345)","7, Burggasse ggü. 28-32 bis ggü. 36",ausg. Fahrzeuge mit Parkkleber für den 7. Bezirk,8,http://www.wien.gv.at/verkehr/parken/kurzparkzonen/anrainerparken/index.html,
PARKENANRAINEROGD.42354,42354,"LINESTRING (16.358721209792346 48.20040750848957, 16.358620420828846 48.20046706997723)","6, Theobaldgasse 19",ausg. Fahrzeuge mit Parkkleber für den 6. Bezirk,2,http://www.wien.gv.at/verkehr/parken/kurzparkzonen/anrainerparken/index.html,
PARKENANRAINEROGD.42355,42355,"LINESTRING (16.35884909096527 48.20033161890501, 16.358748302298892 48.200391180505505)","6, Theobaldgasse 17",ausg. Fahrzeuge mit Parkkleber für den 6. Bezirk,2,http://www.wien.gv.at/verkehr/parken/kurzparkzonen/anrainerparken/index.html,
PARKENANRAINEROGD.42356,42356,"LINESTRING (16.351931528033425 48.19861262794727, 16.352102794144614 48.19847391789781)","6, Nelkengasse 6 bis 6A",ausg. Fahrzeuge mit Parkkleber für den 6. Bezirk,4,http://www.wien.gv.at/verkehr/parken/kurzparkzonen/anrainerparken/index.html,
PARKENANRAINEROGD.42357,42357,"LINESTRING (16.349740738221694 48.19667611077006, 16.349848176938657 48.196730223471775)","6, Damböckgasse 10",ausg. Fahrzeuge mit Parkkleber für den 6. Bezirk,2,http://www.wien.gv.at/verkehr/parken/kurzparkzonen/anrainerparken/index.html,
PARKENANRAINEROGD.42358,42358,"LINESTRING (16.349170489565978 48.19708952247608, 16.349216584686 48.19703828185348, 16.349246150488497 48.19701021632445, 16.34928302261334 48.196977736536766)","6, Esterházygasse 30",ausg. Fahrzeuge mit Parkkleber für den 6. Bezirk,3,http://www.wien.gv.at/verkehr/parken/kurzparkzonen/anrainerparken/index.html,
PARKENANRAINEROGD.42359,42359,"LINESTRING (16.347759133057224 48.197027934334635, 16.34789357798137 48.196872140446104)","6, Otto-Bauer-Gasse 26",ausg. Fahrzeuge mit Parkkleber für den 6. Bezirk,4,http://www.wien.gv.at/verkehr/parken/kurzparkzonen/anrainerparken/index.html,
PARKENANRAINEROGD.42360,42360,"LINESTRING (16.347934327892958 48.19427856571236, 16.347855035735105 48.194351209699335)","6, Hirschengasse 12-14",ausg. Fahrzeuge mit Parkkleber für den 6. Bezirk,2,http://www.wien.gv.at/verkehr/parken/kurzparkzonen/anrainerparken/index.html,
PARKENANRAINEROGD.42361,42361,"LINESTRING (16.348048126849587 48.19417383146419, 16.347968480211094 48.19424630132448)","6, Hirschengasse 12-14",ausg. Fahrzeuge mit Parkkleber für den 6. Bezirk,2,http://www.wien.gv.at/verkehr/parken/kurzparkzonen/anrainerparken/index.html,
PARKENANRAINEROGD.42362,42362,"LINESTRING (16.35074996422989 48.199807744115745, 16.35067956390537 48.19999064310495)","7, Zollergasse 17 bis 19",ausg. Fahrzeuge mit Parkkleber für den 7. Bezirk,4,http://www.wien.gv.at/verkehr/parken/kurzparkzonen/anrainerparken/index.html,
PARKENANRAINEROGD.42113,42113,"LINESTRING (16.352557199838206 48.20535629229227, 16.352934886026937 48.20537427102555)","7, Neustiftgasse 18 bis 22",ausg. Fahrzeuge mit Parkkleber für den 7. Bezirk,6,http://www.wien.gv.at/verkehr/parken/kurzparkzonen/anrainerparken/index.html,
PARKENANRAINEROGD.42114,42114,"LINESTRING (16.351576620904883 48.204851133474726, 16.351567773508506 48.20451691765289)","7, Kirchengasse 46",ausg. Fahrzeuge mit Parkkleber für den 7. Bezirk,7,http://www.wien.gv.at/verkehr/parken/kurzparkzonen/anrainerparken/index.html,
PARKENANRAINEROGD.42115,42115,"LINESTRING (16.35078473103843 48.204110861536485, 16.35100180636218 48.204103721029206)","7, Burggasse 49 bis 51",ausg. Fahrzeuge mit Parkkleber für den 7. Bezirk,3,http://www.wien.gv.at/verkehr/parken/kurzparkzonen/anrainerparken/index.html,
PARKENANRAINEROGD.42116,42116,"LINESTRING (16.35194179270967 48.20426479551491, 16.352411520850552 48.204263926990144)","7, Burggasse 24",ausg. Fahrzeuge mit Parkkleber für den 7. Bezirk,7,http://www.wien.gv.at/verkehr/parken/kurzparkzonen/anrainerparken/index.html,
PARKENANRAINEROGD.42117,42117,"LINESTRING (16.354174568067407 48.204146078964875, 16.35461803815321 48.20417003574036)","7, Burggasse 12 bis 14-16",ausg. Fahrzeuge mit Parkkleber für den 7. Bezirk,6,http://www.wien.gv.at/verkehr/parken/kurzparkzonen/anrainerparken/index.html,
PARKENANRAINEROGD.42118,42118,"LINESTRING (16.340158878591158 48.193100019232546, 16.34039176313352 48.1931874110983)","6, Spalowskygasse 4 bis 6",ausg. Fahrzeuge mit Parkkleber für den 6. Bezirk,4,http://www.wien.gv.at/verkehr/parken/kurzparkzonen/anrainerparken/index.html,
PARKENANRAINEROGD.42119,42119,"LINESTRING (16.338916777852095 48.19255539265663, 16.3391776617832 48.192511936330135)","6, Mittelgasse 35 bis 37",ausg. Fahrzeuge mit Parkkleber für den 6. Bezirk,4,http://www.wien.gv.at/verkehr/parken/kurzparkzonen/anrainerparken/index.html,
PARKENANRAINEROGD.42120,42120,"LINESTRING (16.340431023055782 48.191388970423915, 16.34019378351533 48.191340151741336)","6, Liniengasse 48",ausg. Fahrzeuge mit Parkkleber für den 6. Bezirk,4,http://www.wien.gv.at/verkehr/parken/kurzparkzonen/anrainerparken/index.html,
PARKENANRAINEROGD.42121,42121,"LINESTRING (16.342530179499434 48.19186538403633, 16.342925012246827 48.19197994350408)","6, Liniengasse 32 bis 34",ausg. Fahrzeuge mit Parkkleber für den 6. Bezirk,6,http://www.wien.gv.at/verkehr/parken/kurzparkzonen/anrainerparken/index.html,
PARKENANRAINEROGD.42122,42122,"LINESTRING (16.341431425505114 48.19263005960525, 16.34158308396959 48.192439525811)","6, Aegidigasse 7 bis 11",ausg. Fahrzeuge mit Parkpickerl für den 6. Bezirk,5,http://www.wien.gv.at/verkehr/parken/kurzparkzonen/anrainerparken/index.html,
PARKENANRAINEROGD.42123,42123,"LINESTRING (16.340725937344235 48.1921673351324, 16.340993828083004 48.19224014750782)","6, Strohmayergasse 4 bis 6",ausg. Fahrzeuge mit Parkkleber für den 6. Bezirk,7,http://www.wien.gv.at/verkehr/parken/kurzparkzonen/anrainerparken/index.html,
PARKENANRAINEROGD.42124,42124,"LINESTRING (16.339487023902105 48.191747288347024, 16.339984853125095 48.191883672301365)","6, Strohmayergasse 13 bis 15",ausg. Fahrzeuge mit Parkkleber für den 6. Bezirk,8,http://www.wien.gv.at/verkehr/parken/kurzparkzonen/anrainerparken/index.html,
PARKENANRAINEROGD.42125,42125,"LINESTRING (16.339088961027375 48.19098164181284, 16.338992292982425 48.19070808004374)","6, Wallgasse 10 bis 12",ausg. Fahrzeuge mit Parkkleber für den 6. Bezirk,6,http://www.wien.gv.at/verkehr/parken/kurzparkzonen/anrainerparken/index.html,
PARKENANRAINEROGD.42126,42126,"LINESTRING (16.355881093977576 48.20552426103674, 16.355747122336336 48.20551111467619, 16.355565870216296 48.205499732113175)","7, Neustiftgasse 2",ausg. Fahrzeuge mit Parkkleber für den 7. Bezirk,4,http://www.wien.gv.at/verkehr/parken/kurzparkzonen/anrainerparken/index.html,
PARKENANRAINEROGD.42127,42127,"LINESTRING (16.35308195201589 48.2133815499502, 16.352652655979092 48.213362475277016)","8, Laudongasse 1 bis 3",ausg. Fahrzeuge mit Parkkleber für den 8. Bezirk,9,http://www.wien.gv.at/verkehr/parken/kurzparkzonen/anrainerparken/index.html,
PARKENANRAINEROGD.42128,42128,"LINESTRING (16.351913496377584 48.21309108934604, 16.352001221469486 48.21270968587705)","8, Lammgasse 10 bis 12",ausg. Fahrzeuge mit Parkkleber für den 8. Bezirk,8,http://www.wien.gv.at/verkehr/parken/kurzparkzonen/anrainerparken/index.html,
PARKENANRAINEROGD.42129,42129,"LINESTRING (16.352082791074512 48.21202654655585, 16.352000833346036 48.21238603522449)","8,  1 bis 3",ausg. Fahrzeuge mit Parkkleber für den 8. Bezirk,8,http://www.wien.gv.at/verkehr/parken/kurzparkzonen/anrainerparken/index.html,
PARKENANRAINEROGD.42130,42130,"LINESTRING (16.351219856581338 48.212518463051005, 16.351336994280338 48.211984374606104)","8, Lange Gasse ggü. 56 bis ggü. 60",ausg. Fahrzeuge mit Parkkleber für den 8. Bezirk,12,http://www.wien.gv.at/verkehr/parken/kurzparkzonen/anrainerparken/index.html,
PARKENANRAINEROGD.42131,42131,"LINESTRING (16.35168062913261 48.210829358931065, 16.351730050376954 48.21066672415726)","8, Lange Gasse 45 bis 47",ausg. Fahrzeuge mit Parkkleber für den 8. Bezirk,4,http://www.wien.gv.at/verkehr/parken/kurzparkzonen/anrainerparken/index.html,
PARKENANRAINEROGD.42132,42132,"LINESTRING (16.35112330619179 48.21060270196056, 16.351320295474448 48.21060159341429)","8, Maria-Treu-Gasse 2 bis 4",ausg. Fahrzeuge mit Parkkleber für den 8. Bezirk,3,http://www.wien.gv.at/verkehr/parken/kurzparkzonen/anrainerparken/index.html,
PARKENANRAINEROGD.42133,42133,"LINESTRING (16.35028260140873 48.21045322452173, 16.35036817927174 48.21005838995922)","8, Piaristengasse 43",ausg. Fahrzeuge mit Parkkleber für den 8. Bezirk,9,http://www.wien.gv.at/verkehr/parken/kurzparkzonen/anrainerparken/index.html,
PARKENANRAINEROGD.42134,42134,"LINESTRING (16.345286017573915 48.19495071551527, 16.344925825321038 48.194830136104606)","6, Schmalzhofgasse 22 bis 24",ausg. Fahrzeuge mit Parkkleber für den 6. Bezirk,6,http://www.wien.gv.at/verkehr/parken/kurzparkzonen/anrainerparken/index.html,
PARKENANRAINEROGD.42135,42135,"LINESTRING (16.344954373127955 48.19469434672276, 16.345290272086554 48.19437452095796)","6, Haydngasse 14 bis 16",ausg. Fahrzeuge mit Parkkleber für den 6. Bezirk,8,http://www.wien.gv.at/verkehr/parken/kurzparkzonen/anrainerparken/index.html,
PARKENANRAINEROGD.42136,42136,"LINESTRING (16.345724799990467 48.19395315496542, 16.345917794775783 48.19376896907955)","6, Haydngasse 6 bis 8",ausg. Fahrzeuge mit Parkkleber für den 6. Bezirk,5,http://www.wien.gv.at/verkehr/parken/kurzparkzonen/anrainerparken/index.html,
PARKENANRAINEROGD.42137,42137,"LINESTRING (16.377151308024377 48.20770646527249, 16.377344604972006 48.20796361213397)","1, Riemergasse 7",ausg. Fahrzeuge mit Parkkleber für den 1. Bezirk,5,http://www.wien.gv.at/verkehr/parken/kurzparkzonen/anrainerparken/index.html,
PARKENANRAINEROGD.42138,42138,"LINESTRING (16.373994458098643 48.207170785871725, 16.3738108466864 48.20726697665767, 16.373733980109765 48.20729936158232, 16.373672767373307 48.20732032112146, 16.373423725968017 48.207405549759606)","1, Singerstraße 12 bis 14",ausg. Fahrzeuge mit Parkkleber für den 1. Bezirk,10,http://www.wien.gv.at/verkehr/parken/kurzparkzonen/anrainerparken/index.html,
PARKENANRAINEROGD.42139,42139,"LINESTRING (16.374954868004036 48.20856839141443, 16.37514207938841 48.20875517913986)","1, Strobelgasse 1",ausg. Fahrzeuge mit Parkkleber für den 1. Bezirk,5,http://www.wien.gv.at/verkehr/parken/kurzparkzonen/anrainerparken/index.html,
PARKENANRAINEROGD.42140,42140,"LINESTRING (16.374900299533913 48.20843206768715, 16.375049434484996 48.208581780567826)","1, Strobelgasse 2",ausg. Fahrzeuge mit Parkkleber für den 1. Bezirk,4,http://www.wien.gv.at/verkehr/parken/kurzparkzonen/anrainerparken/index.html,
PARKENANRAINEROGD.42141,42141,"LINESTRING (16.371579951901545 48.21205139348058, 16.371789199487303 48.21192997702402, 16.37183331097476 48.2118814226616, 16.371967798252022 48.21176288445145)","1, Salvatorgasse 3 bis 5",ausg. Fahrzeuge mit Parkkleber für den 1. Bezirk,8,http://www.wien.gv.at/verkehr/parken/kurzparkzonen/anrainerparken/index.html,
PARKENANRAINEROGD.42142,42142,"LINESTRING (16.37264007322505 48.21206159199343, 16.37219140964384 48.21223286495261)","1, Sterngasse 6 bis 6A",ausg. Fahrzeuge mit Parkkleber für den 1. Bezirk,8,http://www.wien.gv.at/verkehr/parken/kurzparkzonen/anrainerparken/index.html,
PARKENANRAINEROGD.42143,42143,"LINESTRING (16.37188376864448 48.212407194934045, 16.371929629888218 48.21252749913457, 16.371950143579156 48.212588763200344, 16.371963394073898 48.21264192556031)","1, Fischerstiege 4-8",ausg. Fahrzeuge mit Parkkleber für den 1. Bezirk,6,http://www.wien.gv.at/verkehr/parken/kurzparkzonen/anrainerparken/index.html,
PARKENANRAINEROGD.42144,42144,"LINESTRING (16.37197960958977 48.212723549250754, 16.37200640665311 48.212860953137586, 16.372034081944797 48.21298170251402)","1, Fischerstiege 10",ausg. Fahrzeuge mit Parkkleber für den 1. Bezirk,6,http://www.wien.gv.at/verkehr/parken/kurzparkzonen/anrainerparken/index.html,
PARKENANRAINEROGD.42145,42145,"LINESTRING (16.37309988688298 48.212149509243616, 16.37388058107388 48.21258992937164)","1, Marc-Aurel-Straße 5 bis 9",ausg. Fahrzeuge mit Parkkleber für den 1. Bezirk,15,http://www.wien.gv.at/verkehr/parken/kurzparkzonen/anrainerparken/index.html,
PARKENANRAINEROGD.42146,42146,"LINESTRING (16.37289681369501 48.21304390706265, 16.373150577841074 48.21332684386783)","1, Salztorgasse 2 bis 4",ausg. Fahrzeuge mit Parkkleber für den 1. Bezirk,13,http://www.wien.gv.at/verkehr/parken/kurzparkzonen/anrainerparken/index.html,
PARKENANRAINEROGD.42147,42147,"LINESTRING (16.372721964691323 48.21405488056632, 16.372316306757018 48.214334398854945)","1, Rudolfsplatz 58",ausg. Fahrzeuge mit Parkkleber für den 1. Bezirk,7,http://www.wien.gv.at/verkehr/parken/kurzparkzonen/anrainerparken/index.html,
PARKENANRAINEROGD.42148,42148,"LINESTRING (16.37022062524876 48.213792807846794, 16.37054323145116 48.21400193532523)","1, Heinrichsgasse 2",ausg. Fahrzeuge mit Parkkleber für den 1. Bezirk,10,http://www.wien.gv.at/verkehr/parken/kurzparkzonen/anrainerparken/index.html,
PARKENANRAINEROGD.42149,42149,"LINESTRING (16.366953362461057 48.21155804498409, 16.366760171118322 48.21145816012552)","1, Tiefer Graben 2A",ausg. Fahrzeuge mit Parkkleber für den 1. Bezirk,6,http://www.wien.gv.at/verkehr/parken/kurzparkzonen/anrainerparken/index.html,
PARKENANRAINEROGD.42150,42150,"LINESTRING (16.368456997693226 48.213614663556534, 16.368146282372045 48.21347317350798)","1, Renngasse 18 bis 20",ausg. Fahrzeuge mit Parkkleber für den 1. Bezirk,8,http://www.wien.gv.at/verkehr/parken/kurzparkzonen/anrainerparken/index.html,
PARKENANRAINEROGD.42151,42151,"LINESTRING (16.36874189665454 48.21374604728752, 16.36854335767255 48.21365568400408)","1, Renngasse 18 bis 20",ausg. Fahrzeuge mit Parkkleber für den 1. Bezirk,5,http://www.wien.gv.at/verkehr/parken/kurzparkzonen/anrainerparken/index.html,
PARKENANRAINEROGD.42152,42152,"LINESTRING (16.368642801970935 48.21430377773936, 16.369118954182813 48.21452205208674)","1, Werdertorgasse 2A",ausg. Fahrzeuge mit Parkkleber für den 1. Bezirk,8,http://www.wien.gv.at/verkehr/parken/kurzparkzonen/anrainerparken/index.html,
PARKENANRAINEROGD.42153,42153,"LINESTRING (16.369058730795622 48.2146566746205, 16.368729610074286 48.2149756134947)","1, Neutorgasse 9 bis 11",ausg. Fahrzeuge mit Parkkleber für den 1. Bezirk,16,http://www.wien.gv.at/verkehr/parken/kurzparkzonen/anrainerparken/index.html,
PARKENANRAINEROGD.42154,42154,"LINESTRING (16.3687478884127 48.21516822393427, 16.369063467603954 48.21531385789265)","1, Eßlinggasse 8",ausg. Fahrzeuge mit Parkkleber für den 1. Bezirk,9,http://www.wien.gv.at/verkehr/parken/kurzparkzonen/anrainerparken/index.html,
PARKENANRAINEROGD.42155,42155,"LINESTRING (16.36770980618686 48.21713170768949, 16.36802893947742 48.216822142137715)","1, Deutschmeisterplatz 1 bis 2",ausg. Fahrzeuge mit Parkkleber für den 1. Bezirk,12,http://www.wien.gv.at/verkehr/parken/kurzparkzonen/anrainerparken/index.html,
PARKENANRAINEROGD.42156,42156,"LINESTRING (16.365013696704246 48.21480201965481, 16.36543624134474 48.21438967352673)","1, Hohenstaufengasse 12 bis 14",ausg. Fahrzeuge mit Parkkleber für den 1. Bezirk,8,http://www.wien.gv.at/verkehr/parken/kurzparkzonen/anrainerparken/index.html,
PARKENANRAINEROGD.42157,42157,"LINESTRING (16.365780773419747 48.213349146214625, 16.365067467179127 48.21361701574033)","1, Rockhgasse 2",ausg. Fahrzeuge mit Parkkleber für den 1. Bezirk,12,http://www.wien.gv.at/verkehr/parken/kurzparkzonen/anrainerparken/index.html,
PARKENANRAINEROGD.42158,42158,"LINESTRING (16.364206157090575 48.2138319114338, 16.36389134145759 48.21366257141864)","1, Schottenbastei 1-5",ausg. Fahrzeuge mit Parkkleber für den 1. Bezirk,6,http://www.wien.gv.at/verkehr/parken/kurzparkzonen/anrainerparken/index.html,
PARKENANRAINEROGD.42159,42159,"LINESTRING (16.37423682836543 48.21074252195285, 16.374752959582096 48.21112782036537)","1, Rotgasse 9 bis 11",ausg. Fahrzeuge mit Parkkleber für den 1. Bezirk,11,http://www.wien.gv.at/verkehr/parken/kurzparkzonen/anrainerparken/index.html,
PARKENANRAINEROGD.42160,42160,"LINESTRING (16.373201052444617 48.21095583200591, 16.37330705138805 48.211078338677645, 16.37338002180281 48.21115457936029)","1, Judengasse 2",ausg. Fahrzeuge mit Parkkleber für den 1. Bezirk,5,http://www.wien.gv.at/verkehr/parken/kurzparkzonen/anrainerparken/index.html,
PARKENANRAINEROGD.42161,42161,"LINESTRING (16.373476842082937 48.2112474833277, 16.37361815798722 48.21136884281652)","1, Judengasse 4",ausg. Fahrzeuge mit Parkkleber für den 1. Bezirk,3,http://www.wien.gv.at/verkehr/parken/kurzparkzonen/anrainerparken/index.html,
PARKENANRAINEROGD.42162,42162,"LINESTRING (16.37202689767864 48.21056761939212, 16.371866619974945 48.21045642949783, 16.371759762511825 48.210371993228556, 16.37164309754202 48.21026197993637)","1, Wildpretmarkt 8 bis 10",ausg. Fahrzeuge mit Parkkleber für den 1. Bezirk,9,http://www.wien.gv.at/verkehr/parken/kurzparkzonen/anrainerparken/index.html,
PARKENANRAINEROGD.42163,42163,"LINESTRING (16.371515737241822 48.21012876855837, 16.371347396607458 48.20993549072328)","1, Wildpretmarkt 2-4",ausg. Fahrzeuge mit Parkkleber für den 1. Bezirk,5,http://www.wien.gv.at/verkehr/parken/kurzparkzonen/anrainerparken/index.html,
PARKENANRAINEROGD.42164,42164,"LINESTRING (16.372481887857106 48.20943354925344, 16.372757027275036 48.20962560204961)","1, Kramergasse 1 bis 3",ausg. Fahrzeuge mit Parkkleber für den 1. Bezirk,5,http://www.wien.gv.at/verkehr/parken/kurzparkzonen/anrainerparken/index.html,
PARKENANRAINEROGD.42165,42165,"LINESTRING (16.370382654037936 48.20573127555371, 16.370535860048623 48.20601944091123)","1, Neuer Markt ggü. 9",ausg. Fahrzeuge mit Parkkleber für den 1. Bezirk,11,http://www.wien.gv.at/verkehr/parken/kurzparkzonen/anrainerparken/index.html,
PARKENANRAINEROGD.42166,42166,"LINESTRING (16.37090486396592 48.20640833414542, 16.370955540353307 48.2066418525392)","1, Neuer Markt 1 bis 2",ausg. Fahrzeuge mit Parkkleber für den 1. Bezirk,5,http://www.wien.gv.at/verkehr/parken/kurzparkzonen/anrainerparken/index.html,
PARKENANRAINEROGD.42167,42167,"LINESTRING (16.369262404615167 48.20614512792885, 16.369474383117055 48.206367285732746)","1, Spiegelgasse 21",ausg. Fahrzeuge mit Parkkleber für den 1. Bezirk,6,http://www.wien.gv.at/verkehr/parken/kurzparkzonen/anrainerparken/index.html,
PARKENANRAINEROGD.42168,42168,"LINESTRING (16.369755922324206 48.20532107627808, 16.368980947350554 48.20569431778856)","1, Gluckgasse 2 bis 4",ausg. Fahrzeuge mit Parkkleber für den 1. Bezirk,13,http://www.wien.gv.at/verkehr/parken/kurzparkzonen/anrainerparken/index.html,
PARKENANRAINEROGD.42169,42169,"LINESTRING (16.368322302106847 48.206272334392516, 16.368450655877883 48.206409156506524)","1, Dorotheergasse 20",ausg. Fahrzeuge mit Parkkleber für den 1. Bezirk,4,http://www.wien.gv.at/verkehr/parken/kurzparkzonen/anrainerparken/index.html,
PARKENANRAINEROGD.42170,42170,"LINESTRING (16.36887729911186 48.206966818329875, 16.368426397783452 48.20716319421298)","1, Stallburggasse 1 bis 3",ausg. Fahrzeuge mit Parkkleber für den 1. Bezirk,8,http://www.wien.gv.at/verkehr/parken/kurzparkzonen/anrainerparken/index.html,
PARKENANRAINEROGD.42171,42171,"LINESTRING (16.368168342644047 48.2070978884298, 16.367981648971643 48.207406674004794)","1, Stallburggasse 5",ausg. Fahrzeuge mit Parkkleber für den 1. Bezirk,7,http://www.wien.gv.at/verkehr/parken/kurzparkzonen/anrainerparken/index.html,
PARKENANRAINEROGD.42172,42172,"LINESTRING (16.36730655443436 48.207428869196455, 16.36766940847175 48.207524737308304)","1, Habsburgergasse 11",ausg. Fahrzeuge mit Parkkleber für den 1. Bezirk,6,http://www.wien.gv.at/verkehr/parken/kurzparkzonen/anrainerparken/index.html,
PARKENANRAINEROGD.42173,42173,"LINESTRING (16.36803299971449 48.21104980411766, 16.368257178786582 48.211336799105084)","1, Am Hof ggü.1",ausg. Fahrzeuge mit Parkkleber für den 1. Bezirk,11,http://www.wien.gv.at/verkehr/parken/kurzparkzonen/anrainerparken/index.html,
PARKENANRAINEROGD.42174,42174,"LINESTRING (16.38049997952811 48.20843708192539, 16.379911344709818 48.20778118825633)","1, Biberstraße 1 bis 5",ausg. Fahrzeuge mit Parkkleber für den 1. Bezirk,15,http://www.wien.gv.at/verkehr/parken/kurzparkzonen/anrainerparken/index.html,
PARKENANRAINEROGD.42175,42175,"LINESTRING (16.379266609450127 48.20791473266452, 16.379457968041503 48.20814737028461, 16.37947828013864 48.20817448828488, 16.379621493534287 48.208301496451654)","1, Dominikanerbastei 1",ausg. Fahrzeuge mit Parkkleber für den 1. Bezirk,9,http://www.wien.gv.at/verkehr/parken/kurzparkzonen/anrainerparken/index.html,
PARKENANRAINEROGD.42176,42176,"LINESTRING (16.38005253015305 48.209691227636625, 16.380957366395883 48.2093797656285)","1, Rosenbursenstraße 1 bis 3",ausg. Fahrzeuge mit Parkkleber für den 1. Bezirk,24,http://www.wien.gv.at/verkehr/parken/kurzparkzonen/anrainerparken/index.html,
PARKENANRAINEROGD.42177,42177,"LINESTRING (16.380061107606597 48.210841515379634, 16.380076768458146 48.21117409714839)","1, Dominikanerbastei 22 bis 24",ausg. Fahrzeuge mit Parkkleber für den 1. Bezirk,10,http://www.wien.gv.at/verkehr/parken/kurzparkzonen/anrainerparken/index.html,
PARKENANRAINEROGD.42178,42178,"LINESTRING (16.3797131468906 48.20933071833563, 16.379177686500977 48.20926667544252)","1, Barbaragasse 1",ausg. Fahrzeuge mit Parkkleber für den 1. Bezirk,11,http://www.wien.gv.at/verkehr/parken/kurzparkzonen/anrainerparken/index.html,
PARKENANRAINEROGD.42179,42179,"LINESTRING (16.37897600641796 48.20937746140427, 16.378880793803688 48.20920936162855, 16.37864718431477 48.20886659820112, 16.378608868717045 48.20881128974311, 16.378568569351017 48.20875071987312)","1, Postgasse 7",ausg. Fahrzeuge mit Parkkleber für den 1. Bezirk,14,http://www.wien.gv.at/verkehr/parken/kurzparkzonen/anrainerparken/index.html,
PARKENANRAINEROGD.42180,42180,"LINESTRING (16.37889335806994 48.20951906954136, 16.37887119729312 48.20962496344011, 16.378864155898643 48.20971835905944)","1, Postgasse ggü. 11-13",ausg. Fahrzeuge mit Parkkleber für den 1. Bezirk,4,http://www.wien.gv.at/verkehr/parken/kurzparkzonen/anrainerparken/index.html,
PARKENANRAINEROGD.42181,42181,"LINESTRING (16.37876743200119 48.21006103723546, 16.37855121560468 48.21012179318795, 16.378408512137785 48.21016332574293)","1, Fleischmarkt 26 bis 28",ausg. Fahrzeuge mit Parkkleber für den 1. Bezirk,6,http://www.wien.gv.at/verkehr/parken/kurzparkzonen/anrainerparken/index.html,
PARKENANRAINEROGD.42182,42182,"LINESTRING (16.37565027746836 48.209727019111654, 16.375720566518947 48.20970260539052, 16.37619385895482 48.20947996232753)","1, Sonnenfelsgasse 3 bis 11",ausg. Fahrzeuge mit Parkkleber für den 1. Bezirk,8,http://www.wien.gv.at/verkehr/parken/kurzparkzonen/anrainerparken/index.html,
PARKENANRAINEROGD.42183,42183,"LINESTRING (16.374795737601854 48.2099627605682, 16.374643603393285 48.21003383757885)","1, Lugeck 1",ausg. Fahrzeuge mit Parkkleber für den 1. Bezirk,5,http://www.wien.gv.at/verkehr/parken/kurzparkzonen/anrainerparken/index.html,
PARKENANRAINEROGD.42184,42184,"LINESTRING (16.375582164873013 48.210938302780804, 16.37586190456129 48.21084064943999, 16.375903191531805 48.21082778614019, 16.375941632330516 48.21081873017359, 16.375981495988174 48.21080967482411, 16.37600786508347 48.2108060605246)","1, Fleischmarkt 1",ausg. Fahrzeuge mit Parkkleber für den 1. Bezirk,7,http://www.wien.gv.at/verkehr/parken/kurzparkzonen/anrainerparken/index.html,
PARKENANRAINEROGD.42185,42185,"LINESTRING (16.35840811480343 48.206141356881375, 16.358838334808716 48.205819332290474)","1, Hansenstraße 1 bis 5",ausg. Fahrzeuge mit Parkkleber für den 1. Bezirk,7,http://www.wien.gv.at/verkehr/parken/kurzparkzonen/anrainerparken/index.html,
PARKENANRAINEROGD.42186,42186,"LINESTRING (16.36686771486423 48.202122039857684, 16.36747415233421 48.20198672159874)","1, Elisabethstraße 7 bis 9",ausg. Fahrzeuge mit Parkkleber für den 1. Bezirk,8,http://www.wien.gv.at/verkehr/parken/kurzparkzonen/anrainerparken/index.html,
PARKENANRAINEROGD.42187,42187,"LINESTRING (16.366272231207887 48.20159357389968, 16.367142018502644 48.20139917905156)","1, Nibelungengasse 2 bis 4",ausg. Fahrzeuge mit Parkkleber für den 1. Bezirk,18,http://www.wien.gv.at/verkehr/parken/kurzparkzonen/anrainerparken/index.html,
PARKENANRAINEROGD.42188,42188,"LINESTRING (16.363445863628733 48.20236366723303, 16.363793807758654 48.20278997322553)","1, Eschenbachgasse 5 bis 7",ausg. Fahrzeuge mit Parkkleber für den 1. Bezirk,11,http://www.wien.gv.at/verkehr/parken/kurzparkzonen/anrainerparken/index.html,
PARKENANRAINEROGD.42189,42189,"LINESTRING (16.36300318654886 48.20325892207503, 16.363631152770527 48.202936523717085)","1, Elisabethstraße 24 bis 26",ausg. Fahrzeuge mit Parkkleber für den 1. Bezirk,10,http://www.wien.gv.at/verkehr/parken/kurzparkzonen/anrainerparken/index.html,
PARKENANRAINEROGD.42190,42190,"LINESTRING (16.35550055073621 48.20772441860682, 16.356243615350426 48.20762613783479)","1, Schmerlingplatz 1 bis 3",ausg. Fahrzeuge mit Parkkleber für den 1. Bezirk,18,http://www.wien.gv.at/verkehr/parken/kurzparkzonen/anrainerparken/index.html,
PARKENANRAINEROGD.42191,42191,"LINESTRING (16.35669872073163 48.209014110010884, 16.356527038218058 48.2084225954373)","1, Bartensteingasse 7 bis 9",ausg. Fahrzeuge mit Parkkleber für den 1. Bezirk,21,http://www.wien.gv.at/verkehr/parken/kurzparkzonen/anrainerparken/index.html,
PARKENANRAINEROGD.42192,42192,"LINESTRING (16.356970065206337 48.2098875039804, 16.356771174478766 48.20920791002817)","1, Bartensteingasse 11 bis 15",ausg. Fahrzeuge mit Parkkleber für den 1. Bezirk,21,http://www.wien.gv.at/verkehr/parken/kurzparkzonen/anrainerparken/index.html,
PARKENANRAINEROGD.42193,42193,"LINESTRING (16.357717409591924 48.212439620031994, 16.35764809359496 48.21219943335621)","1, Ebendorferstraße 5",ausg. Fahrzeuge mit Parkkleber für den 1. Bezirk,5,http://www.wien.gv.at/verkehr/parken/kurzparkzonen/anrainerparken/index.html,
PARKENANRAINEROGD.42194,42194,"LINESTRING (16.35797146496944 48.213300456536594, 16.357793054514637 48.212689659725314)","1, Ebendorferstraße 7 bis 9",ausg. Fahrzeuge mit Parkkleber für den 1. Bezirk,14,http://www.wien.gv.at/verkehr/parken/kurzparkzonen/anrainerparken/index.html,
PARKENANRAINEROGD.42195,42195,"LINESTRING (16.362965724625614 48.213080458283834, 16.361981300775106 48.21255384439794, 16.36194568581323 48.212527345055506, 16.361921820828055 48.21250070029203, 16.361908988530384 48.212472388181986, 16.361902207974286 48.212440981059196, 16.36190611058684 48.212411950227434, 16.361919625079626 48.212385535369904)","1, Mölker Bastei 8 bis 16",ausg. Fahrzeuge mit Parkkleber für den 1. Bezirk,23,http://www.wien.gv.at/verkehr/parken/kurzparkzonen/anrainerparken/index.html,
PARKENANRAINEROGD.42196,42196,"LINESTRING (16.36301443917437 48.21152675523431, 16.36328772974146 48.211636740259685, 16.36353876295576 48.211727694785154)","1, Teinfaltstraße 3 bis 5",ausg. Fahrzeuge mit Parkkleber für den 1. Bezirk,14,http://www.wien.gv.at/verkehr/parken/kurzparkzonen/anrainerparken/index.html,
PARKENANRAINEROGD.42197,42197,"LINESTRING (16.363084011794275 48.21075778555469, 16.36235122970136 48.210490981927094)","1, Schenkenstraße 3-7",ausg. Fahrzeuge mit Parkkleber für den 1. Bezirk,12,http://www.wien.gv.at/verkehr/parken/kurzparkzonen/anrainerparken/index.html,
PARKENANRAINEROGD.42198,42198,"LINESTRING (16.34519594224143 48.198448679911166, 16.34524148147964 48.19835349682792, 16.345282752691134 48.19827544834807, 16.345362451248636 48.198127915339015)","7, Zieglergasse 9 bis 11",ausg. Fahrzeuge mit Parkkleber für den 7. Bezirk,7,http://www.wien.gv.at/verkehr/parken/kurzparkzonen/anrainerparken/index.html,
PARKENANRAINEROGD.42199,42199,"LINESTRING (16.343799187055176 48.1978072429916, 16.343929355590415 48.197556842278274)","7, Schottenfeldgasse 10 bis 12",ausg. Fahrzeuge mit Parkkleber für den 7. Bezirk,6,http://www.wien.gv.at/verkehr/parken/kurzparkzonen/anrainerparken/index.html,
PARKENANRAINEROGD.42200,42200,"LINESTRING (16.355405852546536 48.20124174928699, 16.355312654357167 48.20139262229285)","7, Stiftgasse ggü. 5-9",ausg. Fahrzeuge mit Parkkleber für den 7. Bezirk,4,http://www.wien.gv.at/verkehr/parken/kurzparkzonen/anrainerparken/index.html,
PARKENANRAINEROGD.42201,42201,"LINESTRING (16.355288467284456 48.20143486172443, 16.35522443768776 48.2015377837144)","7, Stiftgasse ggü. 5-9",ausg. Fahrzeuge mit Parkkleber für den 7. Bezirk,2,http://www.wien.gv.at/verkehr/parken/kurzparkzonen/anrainerparken/index.html,
PARKENANRAINEROGD.42202,42202,"LINESTRING (16.35373643838985 48.20109530446062, 16.3534036455674 48.20099198858911)","7, Lindengasse 8 bis 10",ausg. Fahrzeuge mit Parkkleber für den 7. Bezirk,5,http://www.wien.gv.at/verkehr/parken/kurzparkzonen/anrainerparken/index.html,
PARKENANRAINEROGD.42203,42203,"LINESTRING (16.35366842513024 48.20100489513947, 16.353917246924645 48.20108099981911)","7, Lindengasse 11",ausg. Fahrzeuge mit Parkkleber für den 7. Bezirk,4,http://www.wien.gv.at/verkehr/parken/kurzparkzonen/anrainerparken/index.html,
PARKENANRAINEROGD.42204,42204,"LINESTRING (16.35261171815104 48.199995763451895, 16.352544693320485 48.20015038400608)","7, Kirchengasse 5",ausg. Fahrzeuge mit Parkkleber für den 7. Bezirk,3,http://www.wien.gv.at/verkehr/parken/kurzparkzonen/anrainerparken/index.html,
PARKENANRAINEROGD.42205,42205,"LINESTRING (16.35107294489201 48.19921773219776, 16.35118251858282 48.199053060365436)","7, Zollergasse 5",ausg. Fahrzeuge mit Parkkleber für den 7. Bezirk,4,http://www.wien.gv.at/verkehr/parken/kurzparkzonen/anrainerparken/index.html,
PARKENANRAINEROGD.42206,42206,"LINESTRING (16.342497665809777 48.198864750780196, 16.34295921311882 48.19892690964775)","7, Stollgasse 1A bis 1C",ausg. Fahrzeuge mit Parkkleber für den 7. Bezirk,7,http://www.wien.gv.at/verkehr/parken/kurzparkzonen/anrainerparken/index.html,
PARKENANRAINEROGD.42207,42207,"LINESTRING (16.358626900055945 48.19946106798885, 16.358769543666394 48.19930760593585)","6, Bienengasse 3 bis 5",ausg. Fahrzeuge mit Parkkleber für den 6. Bezirk,4,http://www.wien.gv.at/verkehr/parken/kurzparkzonen/anrainerparken/index.html,
PARKENANRAINEROGD.42208,42208,"LINESTRING (16.357449749133103 48.19987400411381, 16.357186173728692 48.19966981864237)","6, Windmühlgasse 8",ausg. Fahrzeuge mit Parkkleber für den 6. Bezirk,6,http://www.wien.gv.at/verkehr/parken/kurzparkzonen/anrainerparken/index.html,
PARKENANRAINEROGD.42209,42209,"LINESTRING (16.35263280448523 48.19799994189205, 16.351774316744706 48.198043072449465)","6, Schadekgasse 1",ausg. Fahrzeuge mit Parkkleber für den 6. Bezirk,12,http://www.wien.gv.at/verkehr/parken/kurzparkzonen/anrainerparken/index.html,
PARKENANRAINEROGD.42210,42210,"LINESTRING (16.35077265993294 48.19754290810286, 16.350934467494376 48.19734615328359)","6, Amerlingstraße 6",ausg. Fahrzeuge mit Parkkleber für den 6. Bezirk,5,http://www.wien.gv.at/verkehr/parken/kurzparkzonen/anrainerparken/index.html,
PARKENANRAINEROGD.42211,42211,"LINESTRING (16.350456974761304 48.19589297333553, 16.350088778560238 48.195685150136526)","6, Königseggasse 1 bis 3",ausg. Fahrzeuge mit Parkkleber für den 6. Bezirk,7,http://www.wien.gv.at/verkehr/parken/kurzparkzonen/anrainerparken/index.html,
PARKENANRAINEROGD.42212,42212,"LINESTRING (16.348732625408303 48.195063413522185, 16.349140945493183 48.19469473207728)","6, Loquaiplatz ggü. 10",ausg. Fahrzeuge mit Parkkleber für den 6. Bezirk,17,http://www.wien.gv.at/verkehr/parken/kurzparkzonen/anrainerparken/index.html,
PARKENANRAINEROGD.42213,42213,"LINESTRING (16.34718134732404 48.19349970408968, 16.34727655942602 48.19340375424896)","6, Webgasse 14",ausg. Fahrzeuge mit Parkkleber für den 6. Bezirk,4,http://www.wien.gv.at/verkehr/parken/kurzparkzonen/anrainerparken/index.html,
PARKENANRAINEROGD.42214,42214,"LINESTRING (16.373057344894317 48.21347158524514, 16.372633494623848 48.21370657186904)","1, Gonzagagasse 5 bis 7",ausg. Fahrzeuge mit Parkkleber für den 1. Bezirk,13,http://www.wien.gv.at/verkehr/parken/kurzparkzonen/anrainerparken/index.html,
PARKENANRAINEROGD.42215,42215,"LINESTRING (16.368228325906944 48.212421541027, 16.368556078581445 48.21265933504765, 16.36879543817389 48.21284772012692)","1, Tiefer Graben 20 bis 26",ausg. Fahrzeuge mit Parkkleber für den 1. Bezirk,11,http://www.wien.gv.at/verkehr/parken/kurzparkzonen/anrainerparken/index.html,
PARKENANRAINEROGD.42216,42216,"LINESTRING (16.374186129820334 48.21074030285273, 16.37392707386111 48.21088934241318)","1, Fischhof 3",ausg. Fahrzeuge mit Parkkleber für den 1. Bezirk,5,http://www.wien.gv.at/verkehr/parken/kurzparkzonen/anrainerparken/index.html,
PARKENANRAINEROGD.42217,42217,"LINESTRING (16.37285247007271 48.21092118100356, 16.372653172245588 48.21100928441398, 16.372427196043503 48.21112654504207)","1, Hoher Markt ggü. 4",ausg. Fahrzeuge mit Parkkleber für den 1. Bezirk,8,http://www.wien.gv.at/verkehr/parken/kurzparkzonen/anrainerparken/index.html,
PARKENANRAINEROGD.42218,42218,"LINESTRING (16.370823109107643 48.20907086676991, 16.37085526442133 48.20924039301474)","1, Freisingergasse 1",ausg. Fahrzeuge mit Parkkleber für den 1. Bezirk,4,http://www.wien.gv.at/verkehr/parken/kurzparkzonen/anrainerparken/index.html,
PARKENANRAINEROGD.42219,42219,"LINESTRING (16.37016746235989 48.20643115069355, 16.370401689468952 48.2067550186531)","1, Seilergasse 14 bis 18",ausg. Fahrzeuge mit Parkkleber für den 1. Bezirk,8,http://www.wien.gv.at/verkehr/parken/kurzparkzonen/anrainerparken/index.html,
PARKENANRAINEROGD.42220,42220,"LINESTRING (16.376882590537416 48.208722923813525, 16.37713303016299 48.20861665216308)","1, Bäckerstraße 18",ausg. Fahrzeuge mit Parkkleber für den 1. Bezirk,9,http://www.wien.gv.at/verkehr/parken/kurzparkzonen/anrainerparken/index.html,
PARKENANRAINEROGD.42221,42221,"LINESTRING (16.358024231953607 48.21348229620834, 16.358130799355724 48.21384498826321)","1, Ebendorferstraße 11",ausg. Fahrzeuge mit Parkkleber für den 1. Bezirk,8,http://www.wien.gv.at/verkehr/parken/kurzparkzonen/anrainerparken/index.html,
PARKENANRAINEROGD.42222,42222,"LINESTRING (16.362902085841892 48.21141665002106, 16.363267079018367 48.21091259693376)","1, Rosengasse 1-5",ausg. Fahrzeuge mit Parkkleber für den 1. Bezirk,11,http://www.wien.gv.at/verkehr/parken/kurzparkzonen/anrainerparken/index.html,
PARKENANRAINEROGD.42223,42223,"LINESTRING (16.355772232363133 48.20064063739115, 16.355696822396983 48.20076580963487)","7, Stiftgasse ggü. 1-3",ausg. Fahrzeuge mit Parkkleber für den 7. Bezirk,3,http://www.wien.gv.at/verkehr/parken/kurzparkzonen/anrainerparken/index.html,
PARKENANRAINEROGD.42224,42224,"LINESTRING (16.350580829156268 48.20006621191, 16.350359928983984 48.20002665608952)","7, Lindengasse 37",ausg. Fahrzeuge mit Parkkleber für den 7. Bezirk,3,http://www.wien.gv.at/verkehr/parken/kurzparkzonen/anrainerparken/index.html,
PARKENANRAINEROGD.42225,42225,"LINESTRING (16.349737299026017 48.19999434854108, 16.35012741075539 48.200064258339985)","7, Lindengasse 34 bis 36",ausg. Fahrzeuge mit Parkkleber für den 7. Bezirk,10,http://www.wien.gv.at/verkehr/parken/kurzparkzonen/anrainerparken/index.html,
PARKENANRAINEROGD.42226,42226,"LINESTRING (16.34797968900186 48.199748628921135, 16.34771362844117 48.19971712834064)","7, Lindengasse 44A",ausg. Fahrzeuge mit Parkkleber für den 7. Bezirk,4,http://www.wien.gv.at/verkehr/parken/kurzparkzonen/anrainerparken/index.html,
PARKENANRAINEROGD.42227,42227,"LINESTRING (16.34782117562832 48.19919125741231, 16.34830523872695 48.19925128809968)","7, Richtergasse 5 bis 7",ausg. Fahrzeuge mit Parkkleber für den 7. Bezirk,7,http://www.wien.gv.at/verkehr/parken/kurzparkzonen/anrainerparken/index.html,
PARKENANRAINEROGD.42228,42228,"LINESTRING (16.347066006568458 48.199057785598946, 16.34714307952496 48.19886236625397)","7, Andreasgasse 10",ausg. Fahrzeuge mit Parkkleber für den 7. Bezirk,4,http://www.wien.gv.at/verkehr/parken/kurzparkzonen/anrainerparken/index.html,
PARKENANRAINEROGD.42229,42229,"LINESTRING (16.347443645015254 48.197970586518466, 16.347570725615515 48.19766653984414)","7, Andreasgasse 1",ausg. Fahrzeuge mit Parkkleber für den 7. Bezirk,7,http://www.wien.gv.at/verkehr/parken/kurzparkzonen/anrainerparken/index.html,
PARKENANRAINEROGD.42230,42230,"LINESTRING (16.345512564612328 48.19932660338686, 16.34586582430742 48.19938219441113)","7, Lindengasse 57",ausg. Fahrzeuge mit Parkkleber für den 7. Bezirk,5,http://www.wien.gv.at/verkehr/parken/kurzparkzonen/anrainerparken/index.html,
PARKENANRAINEROGD.42231,42231,"LINESTRING (16.345127383106732 48.199065985903204, 16.345137158901856 48.19899698149724, 16.345146935723555 48.19893392496163, 16.34516560580803 48.1988512367065, 16.34518161131842 48.19878163600121)","7, Zieglergasse 14 bis 18",ausg. Fahrzeuge mit Parkkleber für den 7. Bezirk,6,http://www.wien.gv.at/verkehr/parken/kurzparkzonen/anrainerparken/index.html,
PARKENANRAINEROGD.42232,42232,"LINESTRING (16.34581537515559 48.19727309720347, 16.345748704915827 48.19740041949517)","7, Zieglergasse 1",ausg. Fahrzeuge mit Parkkleber für den 7. Bezirk,3,http://www.wien.gv.at/verkehr/parken/kurzparkzonen/anrainerparken/index.html,
PARKENANRAINEROGD.42233,42233,"LINESTRING (16.345086430901652 48.198505521048205, 16.344694561442264 48.198440948578686)","7, Apollogasse 1",ausg. Fahrzeuge mit Parkkleber für den 7. Bezirk,6,http://www.wien.gv.at/verkehr/parken/kurzparkzonen/anrainerparken/index.html,
PARKENANRAINEROGD.42234,42234,"LINESTRING (16.343426519543712 48.19899297608236, 16.343819453861414 48.199054476000356)","7, Lindengasse 65",ausgen. Fahrzeuge mit Parkkleber für den 7. Bezirk,6,http://www.wien.gv.at/verkehr/parken/kurzparkzonen/anrainerparken/index.html,
PARKENANRAINEROGD.42235,42235,"LINESTRING (16.344127698086258 48.19693994597798, 16.34405731788839 48.197075926878945)","7, Schottenfeldgasse 1",ausg. Fahrzeuge mit Parkkleber für den 7. Bezirk,5,http://www.wien.gv.at/verkehr/parken/kurzparkzonen/anrainerparken/index.html,
PARKENANRAINEROGD.42236,42236,"LINESTRING (16.343436482402232 48.19823247289745, 16.343044047309462 48.19816957993468)","7, Apollogasse 5",ausg. Fahrzeuge mit Parkkleber für den 7. Bezirk,6,http://www.wien.gv.at/verkehr/parken/kurzparkzonen/anrainerparken/index.html,
PARKENANRAINEROGD.42237,42237,"LINESTRING (16.341316763422924 48.197389549581146, 16.341216883353184 48.19783422369746)","7, Kaiserstraße 6",ausg. Fahrzeuge mit Parkkleber für den 7. Bezirk,10,http://www.wien.gv.at/verkehr/parken/kurzparkzonen/anrainerparken/index.html,
PARKENANRAINEROGD.42238,42238,"LINESTRING (16.340597502665545 48.19814779191206, 16.340710677525596 48.197984617136626)","7, Apollogasse 28",ausg. Fahrzeuge mit Parkkleber für den 7. Bezirk,4,http://www.wien.gv.at/verkehr/parken/kurzparkzonen/anrainerparken/index.html,
PARKENANRAINEROGD.42239,42239,"LINESTRING (16.36369899496353 48.21041785473858, 16.364024360352 48.20999372090455)","1, Petrarcagasse 2 bis 6",ausg. Fahrzeuge mit Parkkleber für den 1. Bezirk,11,http://www.wien.gv.at/verkehr/parken/kurzparkzonen/anrainerparken/index.html,
PARKENANRAINEROGD.42240,42240,"LINESTRING (16.370388632910814 48.213596251439945, 16.371272095721892 48.213365313905804)","1, Salzgries 12-18",ausg. Fahrzeuge mit Parkkleber für den 1. Bezirk,22,http://www.wien.gv.at/verkehr/parken/kurzparkzonen/anrainerparken/index.html,
PARKENANRAINEROGD.42241,42241,"LINESTRING (16.34089103293889 48.19102192022651, 16.340805285726734 48.19119392107657)","6, Gfrornergasse 11",ausgen. Fahrzeuge mit Parkkleber für den 6. Bezirk,4,http://www.wien.gv.at/verkehr/parken/kurzparkzonen/anrainerparken/index.html,
PARKENANRAINEROGD.42242,42242,"LINESTRING (16.37738967522273 48.2028433999537, 16.37697583375718 48.20243859721643)","1, Kantgasse 2 bis 4",ausg. Fahrzeuge mit Parkkleber für den 1. Bezirk,11,http://www.wien.gv.at/verkehr/parken/kurzparkzonen/anrainerparken/index.html,
PARKENANRAINEROGD.42243,42243,"LINESTRING (16.375161348679857 48.203392872925484, 16.375490802610553 48.20370480701764)","1, Hegelgasse 10",ausg. Fahrzeuge mit Parkkleber für den 1. Bezirk,12,http://www.wien.gv.at/verkehr/parken/kurzparkzonen/anrainerparken/index.html,
PARKENANRAINEROGD.42244,42244,"LINESTRING (16.37563338574046 48.20383069631851, 16.37609805265778 48.204271916358685)","1, Hegelgasse 6 bis 8",ausg. Fahrzeuge mit Parkkleber für den 1. Bezirk,10,http://www.wien.gv.at/verkehr/parken/kurzparkzonen/anrainerparken/index.html,
PARKENANRAINEROGD.42245,42245,"LINESTRING (16.375482015391142 48.20375222547123, 16.37494494209173 48.20399285355658)","1, Johannesgasse 14",ausg. Fahrzeuge mit Parkkleber für den 1. Bezirk,10,http://www.wien.gv.at/verkehr/parken/kurzparkzonen/anrainerparken/index.html,
PARKENANRAINEROGD.42246,42246,"LINESTRING (16.374369587789825 48.203562183309124, 16.374279828693854 48.203481312750974, 16.374249899385582 48.20344134686933, 16.373731302297493 48.20298371205565)","1, Schellinggasse 13",ausg. Fahrzeuge mit Parkkleber für den 1. Bezirk,16,http://www.wien.gv.at/verkehr/parken/kurzparkzonen/anrainerparken/index.html,
PARKENANRAINEROGD.42247,42247,"LINESTRING (16.372923106710548 48.2034950815279, 16.3724796761501 48.203608959690975)","1, Krugerstraße 16",ausg. Fahrzeuge mit Parkkleber für den 1. Bezirk,6,http://www.wien.gv.at/verkehr/parken/kurzparkzonen/anrainerparken/index.html,
PARKENANRAINEROGD.42248,42248,"LINESTRING (16.35004134735675 48.196743949599075, 16.350590938125638 48.197022181442556)","6, Damböckgasse 3 bis 5",ausg. Fahrzeuge mit Parkkleber für den 6. Bezirk,16,http://www.wien.gv.at/verkehr/parken/kurzparkzonen/anrainerparken/index.html,
PARKENANRAINEROGD.42249,42249,"LINESTRING (16.359878880428585 48.20072680239256, 16.36009900254506 48.20062318537648)","6, Königsklostergasse 6 bis 8",ausg. Fahrzeuge mit Parkkleber für den 6. Bezirk,4,http://www.wien.gv.at/verkehr/parken/kurzparkzonen/anrainerparken/index.html,
PARKENANRAINEROGD.42250,42250,"LINESTRING (16.359249396857866 48.20035868589475, 16.359398399742805 48.20047334699968)","6, Pfauengasse 1",ausg. Fahrzeuge mit Parkkleber für den 6. Bezirk,3,http://www.wien.gv.at/verkehr/parken/kurzparkzonen/anrainerparken/index.html,
PARKENANRAINEROGD.42251,42251,"LINESTRING (16.35967377087137 48.20068525571773, 16.359442528720407 48.20050710295844)","6, Pfauengasse 1",ausg. Fahrzeuge mit Parkkleber für den 6. Bezirk,5,http://www.wien.gv.at/verkehr/parken/kurzparkzonen/anrainerparken/index.html,
PARKENANRAINEROGD.42252,42252,"LINESTRING (16.37150450722494 48.20328603600041, 16.370898600131106 48.20342184971796)","1, Walfischgasse 4 bis 6",ausg. Fahrzeuge mit Parkkleber für den 1. Bezirk,9,http://www.wien.gv.at/verkehr/parken/kurzparkzonen/anrainerparken/index.html,
PARKENANRAINEROGD.42253,42253,"LINESTRING (16.369611007563137 48.20153550505612, 16.370815402304924 48.201264118351226)","1, Bösendorferstraße 2 bis 8",ausg. Fahrzeuge mit Parkkleber für den 1. Bezirk,19,http://www.wien.gv.at/verkehr/parken/kurzparkzonen/anrainerparken/index.html,
PARKENANRAINEROGD.42254,42254,"LINESTRING (16.37439757894289 48.205186830735975, 16.373973550418032 48.20532778437559)","1, Himmelpfortgasse 14 bis 16",ausg. Fahrzeuge mit Parkkleber für den 1. Bezirk,7,http://www.wien.gv.at/verkehr/parken/kurzparkzonen/anrainerparken/index.html,
PARKENANRAINEROGD.42255,42255,"LINESTRING (16.37447306371533 48.205213931218964, 16.374176978351908 48.2053130143671, 16.374066295618487 48.2053473139163, 16.374012626680788 48.205362228855094)","1, Himmelpfortgasse 17 bis 19",ausg. Fahrzeuge mit Parkkleber für den 1. Bezirk,8,http://www.wien.gv.at/verkehr/parken/kurzparkzonen/anrainerparken/index.html,
PARKENANRAINEROGD.42256,42256,"LINESTRING (16.372395098181062 48.20583453273015, 16.372450811302386 48.20593582103776)","1, Rauhensteingasse 7",ausg. Fahrzeuge mit Parkkleber für den 1. Bezirk,2,http://www.wien.gv.at/verkehr/parken/kurzparkzonen/anrainerparken/index.html,
PARKENANRAINEROGD.42257,42257,"LINESTRING (16.37557129317694 48.20553250213681, 16.37585290537551 48.205358764640344)","1, Weihburggasse 25",ausg. Fahrzeuge mit Parkkleber für den 1. Bezirk,9,http://www.wien.gv.at/verkehr/parken/kurzparkzonen/anrainerparken/index.html,
PARKENANRAINEROGD.42258,42258,"LINESTRING (16.3785230821962 48.20658147085427, 16.37795472470411 48.206024156201146)","1, Cobdengasse 2 bis 4",ausg. Fahrzeuge mit Parkkleber für den 1. Bezirk,13,http://www.wien.gv.at/verkehr/parken/kurzparkzonen/anrainerparken/index.html,
PARKENANRAINEROGD.42259,42259,"LINESTRING (16.378316981682367 48.20704810845624, 16.377200351267422 48.20754167247251)","1, Zedlitzgasse 2 bis 4",ausg. Fahrzeuge mit Parkkleber für den 1. Bezirk,19,http://www.wien.gv.at/verkehr/parken/kurzparkzonen/anrainerparken/index.html,
PARKENANRAINEROGD.42260,42260,"LINESTRING (16.377079980788302 48.20750065263995, 16.376808301214524 48.20719012825896)","1, Riemergasse 7",ausg. Fahrzeuge mit Parkkleber für den 1. Bezirk,8,http://www.wien.gv.at/verkehr/parken/kurzparkzonen/anrainerparken/index.html,
PARKENANRAINEROGD.42261,42261,"LINESTRING (16.376720653040948 48.20709065089753, 16.376666141648677 48.207028329451006, 16.376602199974897 48.20697350599515, 16.376566894625395 48.20693268716081)","1, Riemergasse 9",ausg. Fahrzeuge mit Parkkleber für den 1. Bezirk,4,http://www.wien.gv.at/verkehr/parken/kurzparkzonen/anrainerparken/index.html,
PARKENANRAINEROGD.42262,42262,"LINESTRING (16.376362678172146 48.20669787171573, 16.376498581307462 48.20685310808856)","1, Riemergasse 11",ausg. Fahrzeuge mit Parkkleber für den 1. Bezirk,4,http://www.wien.gv.at/verkehr/parken/kurzparkzonen/anrainerparken/index.html,
PARKENANRAINEROGD.42263,42263,"LINESTRING (16.37612216381146 48.2063969551929, 16.376295007333397 48.206596090381694)","1, Riemergasse 15",ausg. Fahrzeuge mit Parkkleber für den 1. Bezirk,5,http://www.wien.gv.at/verkehr/parken/kurzparkzonen/anrainerparken/index.html,
PARKENANRAINEROGD.42264,42264,"LINESTRING (16.360502938193555 48.20043766174041, 16.360887061507068 48.200257188388306)","6, Königsklostergasse 2 bis 4",ausg. Fahrzeuge mit Parkkleber für den 6. Bezirk,7,http://www.wien.gv.at/verkehr/parken/kurzparkzonen/anrainerparken/index.html,
PARKENANRAINEROGD.42265,42265,"LINESTRING (16.358978729719322 48.19990318342014, 16.359063989426055 48.199936247835254, 16.359084580299935 48.19994131474681, 16.35910336370237 48.19994300170184, 16.359121784493798 48.19994227405502, 16.359378945006494 48.1999045519382)","6, Fillgradergasse 5",ausg. Fahrzeuge mit Parkkleber für den 6. Bezirk,6,http://www.wien.gv.at/verkehr/parken/kurzparkzonen/anrainerparken/index.html,
PARKENANRAINEROGD.42266,42266,"LINESTRING (16.3588953705474 48.19981028574548, 16.359058859220838 48.199613578814876)","6, Laimgrubengasse 27 bis 29",ausg. Fahrzeuge mit Parkkleber für den 6. Bezirk,5,http://www.wien.gv.at/verkehr/parken/kurzparkzonen/anrainerparken/index.html,
PARKENANRAINEROGD.42267,42267,"LINESTRING (16.358648213146033 48.19953359613329, 16.358508906699086 48.19968398957574)","6, Bienengasse 6-8",ausg. Fahrzeuge mit Parkkleber für den 6. Bezirk,4,http://www.wien.gv.at/verkehr/parken/kurzparkzonen/anrainerparken/index.html,
PARKENANRAINEROGD.42268,42268,"LINESTRING (16.357980504187665 48.20021809483651, 16.357697650440205 48.19998808578399)","6, Windmühlgasse 3 bis 5",ausg. Fahrzeuge mit Parkkleber für den 6. Bezirk,11,http://www.wien.gv.at/verkehr/parken/kurzparkzonen/anrainerparken/index.html,
PARKENANRAINEROGD.42269,42269,"LINESTRING (16.3574662894805 48.19995277126176, 16.357311523498414 48.200099136047655)","6, Capistrangasse 3",ausg. Fahrzeuge mit Parkkleber für den 6. Bezirk,4,http://www.wien.gv.at/verkehr/parken/kurzparkzonen/anrainerparken/index.html,
PARKENANRAINEROGD.42270,42270,"LINESTRING (16.35736605020718 48.19935659644401, 16.35788666105901 48.19956119725718)","6, Fillgradergasse 18 bis 20",ausg. Fahrzeuge mit Parkkleber für den 6. Bezirk,9,http://www.wien.gv.at/verkehr/parken/kurzparkzonen/anrainerparken/index.html,
PARKENANRAINEROGD.42271,42271,"LINESTRING (16.357627318025497 48.19938539898923, 16.357172173132945 48.199206862993385, 16.35715953002406 48.19920302409858, 16.357146889544666 48.19920148970714, 16.357137121859182 48.19920187595795, 16.357124481274568 48.19920418278085, 16.357112416707015 48.19920879400211, 16.356941233681862 48.19931369371121)","6, Fillgradergasse 15 bis 21",ausg. Fahrzeuge mit Parkkleber für den 6. Bezirk,11,http://www.wien.gv.at/verkehr/parken/kurzparkzonen/anrainerparken/index.html,
PARKENANRAINEROGD.42272,42272,"LINESTRING (16.356246951550798 48.19882095265805, 16.35545334873248 48.19813413870982)","6, Windmühlgasse 19 bis 27",ausg. Fahrzeuge mit Parkkleber für den 6. Bezirk,24,http://www.wien.gv.at/verkehr/parken/kurzparkzonen/anrainerparken/index.html,
PARKENANRAINEROGD.42273,42273,"LINESTRING (16.35125492978615 48.198504841575776, 16.351467729368313 48.19827507089514)","6, Kollergerngasse 1-5",ausg. Fahrzeuge mit Parkkleber für den 6. Bezirk,6,http://www.wien.gv.at/verkehr/parken/kurzparkzonen/anrainerparken/index.html,
PARKENANRAINEROGD.42274,42274,"LINESTRING (16.351118160925946 48.197785536803494, 16.350763836064303 48.19765577943401)","6, Chwallagasse 1",ausg. Fahrzeuge mit Parkkleber für den 6. Bezirk,6,http://www.wien.gv.at/verkehr/parken/kurzparkzonen/anrainerparken/index.html,
PARKENANRAINEROGD.42275,42275,"LINESTRING (16.3513832754634 48.19691017506253, 16.351685219581842 48.197021419562844)","6, Blümelgasse 1 bis 3",ausg. Fahrzeuge mit Parkkleber für den 6. Bezirk,7,http://www.wien.gv.at/verkehr/parken/kurzparkzonen/anrainerparken/index.html,
PARKENANRAINEROGD.42276,42276,"LINESTRING (16.34903161339853 48.19714311069877, 16.34910649650986 48.197052136057714, 16.349126393765882 48.197029150563715, 16.34915461079675 48.196999873378594)","6, Esterházygasse 35",ausg. Fahrzeuge mit Parkkleber für den 6. Bezirk,3,http://www.wien.gv.at/verkehr/parken/kurzparkzonen/anrainerparken/index.html,
PARKENANRAINEROGD.42277,42277,"LINESTRING (16.350321086709048 48.19616118200574, 16.350751179967656 48.19581658722958)","6, Esterházygasse 18 bis 20",ausg. Fahrzeuge mit Parkkleber für den 6. Bezirk,10,http://www.wien.gv.at/verkehr/parken/kurzparkzonen/anrainerparken/index.html,
PARKENANRAINEROGD.42278,42278,"LINESTRING (16.350084142210633 48.1956330823417, 16.35032296467393 48.195446159697276)","6, Brauergasse 6 bis 8",ausg. Fahrzeuge mit Parkkleber für den 6. Bezirk,5,http://www.wien.gv.at/verkehr/parken/kurzparkzonen/anrainerparken/index.html,
PARKENANRAINEROGD.42279,42279,"LINESTRING (16.34995735231897 48.19478175333827, 16.349800832874624 48.19491918260846)","6, Otto-Bauer-Gasse 1",ausg. Fahrzeuge mit Parkkleber für den 6. Bezirk,6,http://www.wien.gv.at/verkehr/parken/kurzparkzonen/anrainerparken/index.html,
PARKENANRAINEROGD.42280,42280,"LINESTRING (16.34900012304433 48.1956265377163, 16.349288188939678 48.195369143220034)","6, Otto-Bauer-Gasse 7 bis 9",ausg. Fahrzeuge mit Parkkleber für den 6. Bezirk,10,http://www.wien.gv.at/verkehr/parken/kurzparkzonen/anrainerparken/index.html,
PARKENANRAINEROGD.42281,42281,"LINESTRING (16.347146606605374 48.195526014473636, 16.347249468658738 48.19557311761112, 16.347304639042626 48.1956000007587, 16.34749043713116 48.19569872884707)","6, Schmalzhofgasse 3 bis 5",ausg. Fahrzeuge mit Parkkleber für den 6. Bezirk,10,http://www.wien.gv.at/verkehr/parken/kurzparkzonen/anrainerparken/index.html,
PARKENANRAINEROGD.42282,42282,"LINESTRING (16.348298364416873 48.19545416106838, 16.34866383550641 48.19512442869366)","6, Loquaiplatz ggü. 9",ausg. Fahrzeuge mit Parkkleber für den 6. Bezirk,14,http://www.wien.gv.at/verkehr/parken/kurzparkzonen/anrainerparken/index.html,
PARKENANRAINEROGD.42283,42283,"LINESTRING (16.349072888894952 48.194593539344766, 16.348701727372656 48.194416263012265)","6, Loquaiplatz ggü. 12",ausg. Fahrzeuge mit Parkkleber für den 6. Bezirk,6,http://www.wien.gv.at/verkehr/parken/kurzparkzonen/anrainerparken/index.html,
PARKENANRAINEROGD.42284,42284,"LINESTRING (16.347658599206397 48.194454679588276, 16.347895817862423 48.19423947287799)","6, Hirschengasse 13 bis 17",ausg. Fahrzeuge mit Parkkleber für den 6. Bezirk,6,http://www.wien.gv.at/verkehr/parken/kurzparkzonen/anrainerparken/index.html,
PARKENANRAINEROGD.42285,42285,"LINESTRING (16.347589589619375 48.19308235236264, 16.34769189013435 48.1929785931126)","6, Webgasse 8",ausg. Fahrzeuge mit Parkkleber für den 6. Bezirk,5,http://www.wien.gv.at/verkehr/parken/kurzparkzonen/anrainerparken/index.html,
PARKENANRAINEROGD.42286,42286,"LINESTRING (16.34715446086806 48.193582797113095, 16.34730266611275 48.19365388069522)","6, Liniengasse 7",ausg. Fahrzeuge mit Parkkleber für den 6. Bezirk,5,http://www.wien.gv.at/verkehr/parken/kurzparkzonen/anrainerparken/index.html,
PARKENANRAINEROGD.42287,42287,"LINESTRING (16.34683093150983 48.19386304364208, 16.346757589229732 48.19393843036936)","6, Webgasse 18",ausg. Fahrzeuge mit Parkkleber für den 6. Bezirk,3,http://www.wien.gv.at/verkehr/parken/kurzparkzonen/anrainerparken/index.html,
PARKENANRAINEROGD.42288,42288,"LINESTRING (16.346966768038392 48.193722562667624, 16.346893426157767 48.193797948359226)","6, Webgasse 18",ausg. Fahrzeuge mit Parkkleber für den 6. Bezirk,3,http://www.wien.gv.at/verkehr/parken/kurzparkzonen/anrainerparken/index.html,
PARKENANRAINEROGD.42289,42289,"LINESTRING (16.346693855099634 48.191997950830896, 16.34645247913703 48.19221421896755)","6, Stumpergasse 8 bis 10",ausg. Fahrzeuge mit Parkkleber für den 6. Bezirk,6,http://www.wien.gv.at/verkehr/parken/kurzparkzonen/anrainerparken/index.html,
PARKENANRAINEROGD.42290,42290,"LINESTRING (16.346254364543505 48.19239164786434, 16.346415474344848 48.19224772311143)","6, Stumpergasse 12",ausg. Fahrzeuge mit Parkkleber für den 6. Bezirk,4,http://www.wien.gv.at/verkehr/parken/kurzparkzonen/anrainerparken/index.html,
PARKENANRAINEROGD.42291,42291,"LINESTRING (16.34483946370571 48.19355989721549, 16.344999365705682 48.19341691210997)","6, Stumpergasse 27 bis 29",ausg. Fahrzeuge mit Parkkleber für den 6. Bezirk,4,http://www.wien.gv.at/verkehr/parken/kurzparkzonen/anrainerparken/index.html,
PARKENANRAINEROGD.42292,42292,"LINESTRING (16.344592242453267 48.19378026273314, 16.34471513384058 48.193670681516274)","6, Stumpergasse 33",ausg. Fahrzeuge mit Parkkleber für den 6. Bezirk,3,http://www.wien.gv.at/verkehr/parken/kurzparkzonen/anrainerparken/index.html,
PARKENANRAINEROGD.42293,42293,"LINESTRING (16.345096351894465 48.19564107764673, 16.34522448542976 48.195510350254104)","6, Webgasse 38",ausg. Fahrzeuge mit Parkkleber für den 6. Bezirk,6,http://www.wien.gv.at/verkehr/parken/kurzparkzonen/anrainerparken/index.html,
PARKENANRAINEROGD.42294,42294,"LINESTRING (16.345255771830615 48.19547807004542, 16.345355597063918 48.195376038685616)","6, Webgasse 36",ausg. Fahrzeuge mit Parkkleber für den 6. Bezirk,5,http://www.wien.gv.at/verkehr/parken/kurzparkzonen/anrainerparken/index.html,
PARKENANRAINEROGD.42295,42295,"LINESTRING (16.341099670078655 48.19144318664118, 16.341193976543483 48.19146221770092)","6, Liniengasse 39",ausg. Fahrzeuge mit Parkkleber für den 6. Bezirk,2,http://www.wien.gv.at/verkehr/parken/kurzparkzonen/anrainerparken/index.html,
PARKENANRAINEROGD.42296,42296,"LINESTRING (16.341243086992133 48.191473875182005, 16.341387215208485 48.19150420603091)","6, Liniengasse 37",ausg. Fahrzeuge mit Parkkleber für den 6. Bezirk,5,http://www.wien.gv.at/verkehr/parken/kurzparkzonen/anrainerparken/index.html,
PARKENANRAINEROGD.42297,42297,"LINESTRING (16.341490666396677 48.19152496648975, 16.341573229360765 48.191541619090785)","6, Liniengasse 37",ausg. Fahrzeuge mit Parkkleber für den 6. Bezirk,2,http://www.wien.gv.at/verkehr/parken/kurzparkzonen/anrainerparken/index.html,
PARKENANRAINEROGD.42298,42298,"LINESTRING (16.339063649116543 48.19125236939186, 16.33910636000885 48.19137610013232)","6, Wallgasse 17",ausg. Fahrzeuge mit Parkkleber für den 6. Bezirk,3,http://www.wien.gv.at/verkehr/parken/kurzparkzonen/anrainerparken/index.html,
PARKENANRAINEROGD.42299,42299,"LINESTRING (16.3406817282956 48.19274582012901, 16.340098129700444 48.19252236558914)","6, Mittelgasse 25 bis 29",ausg. Fahrzeuge mit Parkkleber für den 6. Bezirk,10,http://www.wien.gv.at/verkehr/parken/kurzparkzonen/anrainerparken/index.html,
PARKENANRAINEROGD.42300,42300,"LINESTRING (16.339633524386866 48.19255374029601, 16.339744756486237 48.1928815074907)","6, Wallgasse 22-24",ausg. Fahrzeuge mit Parkkleber für den 6. Bezirk,10,http://www.wien.gv.at/verkehr/parken/kurzparkzonen/anrainerparken/index.html,
PARKENANRAINEROGD.42301,42301,"LINESTRING (16.34054728073091 48.19319021437356, 16.340783058141366 48.19327705449859)","6, Spalowskygasse 1",ausg. Fahrzeuge mit Parkkleber für den 6. Bezirk,4,http://www.wien.gv.at/verkehr/parken/kurzparkzonen/anrainerparken/index.html,
PARKENANRAINEROGD.42302,42302,"LINESTRING (16.34100004873729 48.193287347075255, 16.340933416386473 48.19337141498875)","6, Aegidigasse 16",ausg. Fahrzeuge mit Parkkleber für den 6. Bezirk,2,http://www.wien.gv.at/verkehr/parken/kurzparkzonen/anrainerparken/index.html,
PARKENANRAINEROGD.42303,42303,"LINESTRING (16.34067136332597 48.193608378654645, 16.34083060245426 48.19340671424709)","6, Aegidigasse 15 bis 17",ausg. Fahrzeuge mit Parkkleber für den 6. Bezirk,5,http://www.wien.gv.at/verkehr/parken/kurzparkzonen/anrainerparken/index.html,
PARKENANRAINEROGD.42304,42304,"LINESTRING (16.340123220982196 48.194302835121775, 16.340378872150232 48.193981267204286)","6, Aegidigasse 23 bis 21",ausg. Fahrzeuge mit Parkkleber für den 6. Bezirk,8,http://www.wien.gv.at/verkehr/parken/kurzparkzonen/anrainerparken/index.html,
PARKENANRAINEROGD.42305,42305,"LINESTRING (16.342040804534015 48.19335143819961, 16.34177361785541 48.193687670462715)","6, Bürgerspitalgasse 16",ausg. Fahrzeuge mit Parkkleber für den 6. Bezirk,8,http://www.wien.gv.at/verkehr/parken/kurzparkzonen/anrainerparken/index.html,
PARKENANRAINEROGD.42306,42306,"LINESTRING (16.34096489303202 48.19459358719545, 16.341089438556 48.19443356357558)","6, Bürgerspitalgasse 23",ausg. Fahrzeuge mit Parkkleber für den 6. Bezirk,4,http://www.wien.gv.at/verkehr/parken/kurzparkzonen/anrainerparken/index.html,
PARKENANRAINEROGD.42307,42307,"LINESTRING (16.36442505013483 48.20002724454065, 16.36453898214891 48.20009098595116)","6, Papagenogasse 3",ausg. Fahrzeuge mit Parkkleber für den 6. Bezirk,2,http://www.wien.gv.at/verkehr/parken/kurzparkzonen/anrainerparken/index.html,
PARKENANRAINEROGD.42308,42308,"LINESTRING (16.371866664768714 48.209611355513005, 16.372148834642516 48.20947314671064)","1, Brandstätte 3 bis 5",ausg. Fahrzeuge mit Parkkleber für den 1. Bezirk,5,http://www.wien.gv.at/verkehr/parken/kurzparkzonen/anrainerparken/index.html,
PARKENANRAINEROGD.42309,42309,"LINESTRING (16.347434602767663 48.199142474550335, 16.347710901205385 48.199176986336816)","7, Richtergasse 7 bis 9",ausg. Fahrzeuge mit Parkkleber für den 7. Bezirk,4,http://www.wien.gv.at/verkehr/parken/kurzparkzonen/anrainerparken/index.html,
PARKENANRAINEROGD.42310,42310,"LINESTRING (16.343644890515534 48.198266503052515, 16.343971253938623 48.19832073471671)","7, Apollogasse 3",ausg. Fahrzeuge mit Parkkleber für den 7. Bezirk,5,http://www.wien.gv.at/verkehr/parken/kurzparkzonen/anrainerparken/index.html,
PARKENANRAINEROGD.42311,42311,"LINESTRING (16.343282340758503 48.19872525679907, 16.343203727940402 48.19890665327056)","7, Schottenfeldgasse 19 bis 21",ausg. Fahrzeuge mit Parkkleber für den 7. Bezirk,4,http://www.wien.gv.at/verkehr/parken/kurzparkzonen/anrainerparken/index.html,
PARKENANRAINEROGD.42312,42312,"LINESTRING (16.36457778856594 48.20011227107809, 16.364785469622973 48.20022977496243)","6, Papagenogasse 1A",ausg. Fahrzeuge mit Parkkleber für den 6. Bezirk,4,http://www.wien.gv.at/verkehr/parken/kurzparkzonen/anrainerparken/index.html,
PARKENANRAINEROGD.42313,42313,"LINESTRING (16.363920767515445 48.200568798368174, 16.364300313850066 48.20082770957444)","6, Lehargasse 2",ausg. Fahrzeuge mit Parkkleber für den 6. Bezirk,12,http://www.wien.gv.at/verkehr/parken/kurzparkzonen/anrainerparken/index.html,
PARKENANRAINEROGD.42314,42314,"LINESTRING (16.362893693658854 48.19986320327513, 16.363662965314823 48.20039182851983)","6, Lehargasse 4",ausg. Fahrzeuge mit Parkkleber für den 6. Bezirk,24,http://www.wien.gv.at/verkehr/parken/kurzparkzonen/anrainerparken/index.html,
PARKENANRAINEROGD.42315,42315,"LINESTRING (16.364046466713617 48.199942710309365, 16.36395823611379 48.20001221202198)","6, Millöckergasse 6",ausg. Fahrzeuge mit Parkkleber für den 6. Bezirk,2,http://www.wien.gv.at/verkehr/parken/kurzparkzonen/anrainerparken/index.html,
PARKENANRAINEROGD.42316,42316,"LINESTRING (16.361533949015243 48.1995528991503, 16.36174526204075 48.19934226981022)","6, Girardigasse 10",ausg. Fahrzeuge mit Parkkleber für den 6. Bezirk,5,http://www.wien.gv.at/verkehr/parken/kurzparkzonen/anrainerparken/index.html,
PARKENANRAINEROGD.42317,42317,"LINESTRING (16.361781012810994 48.19930585512919, 16.361897341696356 48.19919018896347)","6, Girardigasse 8",ausg. Fahrzeuge mit Parkkleber für den 6. Bezirk,3,http://www.wien.gv.at/verkehr/parken/kurzparkzonen/anrainerparken/index.html,
PARKENANRAINEROGD.42318,42318,"LINESTRING (16.362238628094293 48.19876216733829, 16.362350683712773 48.19864971224566)","6, Girardigasse 1",ausg. Fahrzeuge mit Parkkleber für den 6. Bezirk,3,http://www.wien.gv.at/verkehr/parken/kurzparkzonen/anrainerparken/index.html,
PARKENANRAINEROGD.42319,42319,"LINESTRING (16.36213938205492 48.19824296232319, 16.361502717030206 48.197934469890626, 16.36137313508339 48.197872633204064, 16.36124071000874 48.197817458701756)","6, Linke Wienzeile 24 bis 30",ausg. Fahrzeuge mit Parkkleber für den 6. Bezirk,16,http://www.wien.gv.at/verkehr/parken/kurzparkzonen/anrainerparken/index.html,
PARKENANRAINEROGD.42320,42320,"LINESTRING (16.359819728388842 48.19873091093147, 16.359678857438617 48.19888584320147)","6, Laimgrubengasse 17",ausg. Fahrzeuge mit Parkkleber für den 6. Bezirk,4,http://www.wien.gv.at/verkehr/parken/kurzparkzonen/anrainerparken/index.html,
