FID,OBJECTID,SHAPE,KRANKENHAUS_BEZEICHNUNG,BEZEICHNUNG,WEBLINK1,ADRESSE,BEZIRK,TELEFON,SE_ANNO_CAD_DATA
STATIONENOGD.1020,1020,POINT (16.278674677972262 48.16922394815937),Krankenhaus Hietzing mit Neurologischem Zentrum Rosenhügel,Station A 2 - Neurologische Intensivstation,http://www.wienkav.at/kav/khr/Medstellen_Anzeigen.asp?id=896,"13., Wolkersbergenstraße 1",13,(+43 1) 801 10-249,
STATIONENOGD.1021,1021,POINT (16.278674677972262 48.16922394815937),Krankenhaus Hietzing mit Neurologischem Zentrum Rosenhügel,Station A 3 - Allgemeine Neurologie mit Komfortzimmern und Neurorehabilitation,http://www.wienkav.at/kav/khr/Medstellen_Anzeigen.asp?id=895,"13., Wolkersbergenstraße 1",13,(+43 1) 801 10-237,
STATIONENOGD.1022,1022,POINT (16.278674677972262 48.16922394815937),Krankenhaus Hietzing mit Neurologischem Zentrum Rosenhügel,Station A 4 - Allgemeine Neurologie mit integrierter Stroke Unit,http://www.wienkav.at/kav/khr/Medstellen_Anzeigen.asp?id=894,"13., Wolkersbergenstraße 1",13,(+43 1) 801 10-241,
STATIONENOGD.1023,1023,POINT (16.278674677972262 48.16922394815937),Krankenhaus Hietzing mit Neurologischem Zentrum Rosenhügel,Station A 5 - Allgemeine Neurologie und Neurorehabilitation,http://www.wienkav.at/kav/khr/Medstellen_Anzeigen.asp?id=893,"13., Wolkersbergenstraße 1",13,(+43 1) 801 10-243,
STATIONENOGD.1024,1024,POINT (16.278674677972262 48.16922394815937),Krankenhaus Hietzing mit Neurologischem Zentrum Rosenhügel,2. Chir. Station 1 A,http://www.wienkav.at/kav/khr/Medstellen_Anzeigen.asp?id=1168,"13., Wolkersbergenstraße 1",13,(+43 1) 801 10-3526,
STATIONENOGD.1025,1025,POINT (16.278674677972262 48.16922394815937),Krankenhaus Hietzing mit Neurologischem Zentrum Rosenhügel,2.Chir. Station 1 B,http://www.wienkav.at/kav/khr/Medstellen_Anzeigen.asp?id=1169,"13., Wolkersbergenstraße 1",13,(+43 1) 801 10-3525,
STATIONENOGD.1026,1026,POINT (16.278674677972262 48.16922394815937),Krankenhaus Hietzing mit Neurologischem Zentrum Rosenhügel,2.Chir. Station 2 B,http://www.wienkav.at/kav/khr/Medstellen_Anzeigen.asp?id=1170,"13., Wolkersbergenstraße 1",13,(+43 1) 801 10-3527,
STATIONENOGD.1027,1027,POINT (16.278674677972262 48.16922394815937),Krankenhaus Hietzing mit Neurologischem Zentrum Rosenhügel,2.Chir. Überwachung - Station 1 C,http://www.wienkav.at/kav/khr/Medstellen_Anzeigen.asp?id=1171,"13., Wolkersbergenstraße 1",13,(+43 1) 801 10-3520,
STATIONENOGD.1028,1028,POINT (16.278674677972262 48.16922394815937),Krankenhaus Hietzing mit Neurologischem Zentrum Rosenhügel,2.Med. Station A,http://www.wienkav.at/kav/khr/Medstellen_Anzeigen.asp?id=1111,"13., Wolkersbergenstraße 1",13,(+43 1) 801 10-3191,
STATIONENOGD.1029,1029,POINT (16.278674677972262 48.16922394815937),Krankenhaus Hietzing mit Neurologischem Zentrum Rosenhügel,2.Med. Station B,http://www.wienkav.at/kav/khr/Medstellen_Anzeigen.asp?id=1112,"13., Wolkersbergenstraße 1",13,(+43 1) 801 10-3192,
STATIONENOGD.1030,1030,POINT (16.278674677972262 48.16922394815937),Krankenhaus Hietzing mit Neurologischem Zentrum Rosenhügel,2.Med. Station C-Tagesklinik,http://www.wienkav.at/kav/khr/Medstellen_Anzeigen.asp?id=1113,"13., Wolkersbergenstraße 1",13,(+43 1) 801 10-3193,
STATIONENOGD.1031,1031,POINT (16.278674677972262 48.16922394815937),Krankenhaus Hietzing mit Neurologischem Zentrum Rosenhügel,2.Med. Station D,http://www.wienkav.at/kav/khr/Medstellen_Anzeigen.asp?id=1114,"13., Wolkersbergenstraße 1",13,(+43 1) 801 10-3194,
STATIONENOGD.1032,1032,POINT (16.278674677972262 48.16922394815937),Krankenhaus Hietzing mit Neurologischem Zentrum Rosenhügel,2.Med. Überwachungsstation,http://www.wienkav.at/kav/khr/Medstellen_Anzeigen.asp?id=1115,"13., Wolkersbergenstraße 1",13,(+43 1) 801 10-3581,
STATIONENOGD.1033,1033,POINT (16.278674677972262 48.16922394815937),Krankenhaus Hietzing mit Neurologischem Zentrum Rosenhügel,Erstversorgung,http://www.wienkav.at/kav/khr/Medstellen_Anzeigen.asp?id=1020,"13., Wolkersbergenstraße 1",13,(+43 1) 801 10-2224,
STATIONENOGD.1035,1035,POINT (16.278674677972262 48.16922394815937),Krankenhaus Hietzing mit Neurologischem Zentrum Rosenhügel,Station B 1 - Neurologische und neuropsychologische Rehabilitation,http://www.wienkav.at/kav/khr/Medstellen_Anzeigen.asp?id=901,"13., Wolkersbergenstraße 1",13,(+43 1) 801 10-312,
STATIONENOGD.1036,1036,POINT (16.278674677972262 48.16922394815937),Krankenhaus Hietzing mit Neurologischem Zentrum Rosenhügel,Station B 2 - Allgemeine Neurologie,http://www.wienkav.at/kav/khr/Medstellen_Anzeigen.asp?id=900,"13., Wolkersbergenstraße 1",13,(+43 1) 801 10-253,
STATIONENOGD.1037,1037,POINT (16.278674677972262 48.16922394815937),Krankenhaus Hietzing mit Neurologischem Zentrum Rosenhügel,Station B 3 - Allgemeine Neurologie und Neurorehabilitation,http://www.wienkav.at/kav/khr/Medstellen_Anzeigen.asp?id=899,"13., Wolkersbergenstraße 1",13,(+43 1) 801 10-260,
STATIONENOGD.1038,1038,POINT (16.278674677972262 48.16922394815937),Krankenhaus Hietzing mit Neurologischem Zentrum Rosenhügel,Station B 4 - Allgemeine Neurologie mit integrierter Einheit für Video-EEG-Monitoring,http://www.wienkav.at/kav/khr/Medstellen_Anzeigen.asp?id=898,"13., Wolkersbergenstraße 1",13,(+43 1) 801 10-259,
STATIONENOGD.1039,1039,POINT (16.278674677972262 48.16922394815937),Krankenhaus Hietzing mit Neurologischem Zentrum Rosenhügel,Station B 5 - Neurologische Intermediärstation und Stroke Unit,http://www.wienkav.at/kav/khr/Medstellen_Anzeigen.asp?id=897,"13., Wolkersbergenstraße 1",13,(+43 1) 801 10-314,
STATIONENOGD.1040,1040,POINT (16.278674677972262 48.16922394815937),Krankenhaus Hietzing mit Neurologischem Zentrum Rosenhügel,3. Med. Dialyse,http://www.wienkav.at/kav/khr/Medstellen_Anzeigen.asp?id=2885,"13., Wolkersbergenstraße 1",13,(+43 1) 801 10-2341,
STATIONENOGD.1041,1041,POINT (16.278674677972262 48.16922394815937),Krankenhaus Hietzing mit Neurologischem Zentrum Rosenhügel,3.Med. C. von Noorden Station,http://www.wienkav.at/kav/khr/Medstellen_Anzeigen.asp?id=1129,"13., Wolkersbergenstraße 1",13,(+43 1) 801 10-2350,
STATIONENOGD.1042,1042,POINT (16.278674677972262 48.16922394815937),Krankenhaus Hietzing mit Neurologischem Zentrum Rosenhügel,3.Med. Intensivstation,http://www.wienkav.at/kav/khr/Medstellen_Anzeigen.asp?id=1130,"13., Wolkersbergenstraße 1",13,(+43 1) 801 10-2343,
STATIONENOGD.1043,1043,POINT (16.278674677972262 48.16922394815937),Krankenhaus Hietzing mit Neurologischem Zentrum Rosenhügel,3.Med. Station A-Frauen,http://www.wienkav.at/kav/khr/Medstellen_Anzeigen.asp?id=1131,"13., Wolkersbergenstraße 1",13,(+43 1) 801 10-2361,
STATIONENOGD.1044,1044,POINT (16.278674677972262 48.16922394815937),Krankenhaus Hietzing mit Neurologischem Zentrum Rosenhügel,3.Med. Station B-Männer,http://www.wienkav.at/kav/khr/Medstellen_Anzeigen.asp?id=1132,"13., Wolkersbergenstraße 1",13,(+43 1) 801 10-2349,
STATIONENOGD.1045,1045,POINT (16.278674677972262 48.16922394815937),Krankenhaus Hietzing mit Neurologischem Zentrum Rosenhügel,4.Med. 2.Stock,http://www.wienkav.at/kav/khr/Medstellen_Anzeigen.asp?id=1137,"13., Wolkersbergenstraße 1",13,(+43 1) 801 10-2517,
STATIONENOGD.1046,1046,POINT (16.278674677972262 48.16922394815937),Krankenhaus Hietzing mit Neurologischem Zentrum Rosenhügel,4.Med. 3.Stock,http://www.wienkav.at/kav/khr/Medstellen_Anzeigen.asp?id=1138,"13., Wolkersbergenstraße 1",13,(+43 1) 801 10-2518,
STATIONENOGD.1047,1047,POINT (16.278674677972262 48.16922394815937),Krankenhaus Hietzing mit Neurologischem Zentrum Rosenhügel,4.Med. 5.Stock,http://www.wienkav.at/kav/khr/Medstellen_Anzeigen.asp?id=1139,"13., Wolkersbergenstraße 1",13,(+43 1) 801 10-2497,
STATIONENOGD.1048,1048,POINT (16.278674677972262 48.16922394815937),Krankenhaus Hietzing mit Neurologischem Zentrum Rosenhügel,4.Med. Intensivstation,http://www.wienkav.at/kav/khr/Medstellen_Anzeigen.asp?id=1140,"13., Wolkersbergenstraße 1",13,(+43 1) 801 10-2521,
STATIONENOGD.1051,1051,POINT (16.278674677972262 48.16922394815937),Krankenhaus Hietzing mit Neurologischem Zentrum Rosenhügel,5.Med. Barbara,http://www.wienkav.at/kav/khr/Medstellen_Anzeigen.asp?id=452,"13., Wolkersbergenstraße 1",13,(+43 1) 801 10-3236,
STATIONENOGD.1052,1052,POINT (16.278674677972262 48.16922394815937),Krankenhaus Hietzing mit Neurologischem Zentrum Rosenhügel,5.Med. Kristian,http://www.wienkav.at/kav/khr/Medstellen_Anzeigen.asp?id=453,"13., Wolkersbergenstraße 1",13,(+43 1) 801 10-3460,
STATIONENOGD.1053,1053,POINT (16.278674677972262 48.16922394815937),Krankenhaus Hietzing mit Neurologischem Zentrum Rosenhügel,5.Med. Pauline,http://www.wienkav.at/kav/khr/Medstellen_Anzeigen.asp?id=454,"13., Wolkersbergenstraße 1",13,(+43 1) 801 10-3465,
STATIONENOGD.1054,1054,POINT (16.278674677972262 48.16922394815937),Krankenhaus Hietzing mit Neurologischem Zentrum Rosenhügel,5.Med. Tagesbetten,http://www.wienkav.at/kav/khr/Medstellen_Anzeigen.asp?id=455,"13., Wolkersbergenstraße 1",13,(+43 1) 801 10-2598,
STATIONENOGD.1058,1058,POINT (16.278674677972262 48.16922394815937),Krankenhaus Hietzing mit Neurologischem Zentrum Rosenhügel,Station für Palliativmedizin,http://www.wienkav.at/kav/khr/Medstellen_Anzeigen.asp?id=1092,"13., Wolkersbergenstraße 1",13,(+43 1) 801 10-3840 oder 3523,
STATIONENOGD.1060,1060,POINT (16.278674677972262 48.16922394815937),Krankenhaus Hietzing mit Neurologischem Zentrum Rosenhügel,Allgemeine Intensivstation (IBST1),http://www.wienkav.at/kav/khr/Medstellen_Anzeigen.asp?id=1091,"13., Wolkersbergenstraße 1",13,(+43 1) 801 10-2711 oder 2712,
STATIONENOGD.1061,1061,POINT (16.278674677972262 48.16922394815937),Krankenhaus Hietzing mit Neurologischem Zentrum Rosenhügel,Herzintensivstation,http://www.wienkav.at/kav/khr/Medstellen_Anzeigen.asp?id=1090,"13., Wolkersbergenstraße 1",13,(+43 1) 801 10-2401,
STATIONENOGD.1063,1063,POINT (16.278674677972262 48.16922394815937),Krankenhaus Hietzing mit Neurologischem Zentrum Rosenhügel,CF Zentrum für Erwachsene,http://www.wienkav.at/kav/khr/Medstellen_Anzeigen.asp?id=2209,"13., Wolkersbergenstraße 1",13,(+43 1) 801 10-2466,
STATIONENOGD.1064,1064,POINT (16.278674677972262 48.16922394815937),Krankenhaus Hietzing mit Neurologischem Zentrum Rosenhügel,Lunge Station L 1,http://www.wienkav.at/kav/khr/Medstellen_Anzeigen.asp?id=1147,"13., Wolkersbergenstraße 1",13,(+43 1) 801 10-2485,
STATIONENOGD.1065,1065,POINT (16.278674677972262 48.16922394815937),Krankenhaus Hietzing mit Neurologischem Zentrum Rosenhügel,Lunge Station L 3,http://www.wienkav.at/kav/khr/Medstellen_Anzeigen.asp?id=1148,"13., Wolkersbergenstraße 1",13,(+43 1) 801 10-2489,
STATIONENOGD.1066,1066,POINT (16.278674677972262 48.16922394815937),Krankenhaus Hietzing mit Neurologischem Zentrum Rosenhügel,Lunge Station L 4,http://www.wienkav.at/kav/khr/Medstellen_Anzeigen.asp?id=1149,"13., Wolkersbergenstraße 1",13,(+43 1) 801 10-2491,
STATIONENOGD.1067,1067,POINT (16.278674677972262 48.16922394815937),Krankenhaus Hietzing mit Neurologischem Zentrum Rosenhügel,Lunge Station L 5,http://www.wienkav.at/kav/khr/Medstellen_Anzeigen.asp?id=1150,"13., Wolkersbergenstraße 1",13,(+43 1) 801 10-2493,
STATIONENOGD.1069,1069,POINT (16.278674677972262 48.16922394815937),Krankenhaus Hietzing mit Neurologischem Zentrum Rosenhügel,Spezialambulanz für schlafassoziierte Atmungsstörungen (Schlaflabor),http://www.wienkav.at/kav/khr/Medstellen_Anzeigen.asp?id=1146,"13., Wolkersbergenstraße 1",13,(+43 1) 801 10-2620 oder 2621,
STATIONENOGD.1070,1070,POINT (16.278674677972262 48.16922394815937),Krankenhaus Hietzing mit Neurologischem Zentrum Rosenhügel,Derma 1.Stock,http://www.wienkav.at/kav/khr/Medstellen_Anzeigen.asp?id=1094,"13., Wolkersbergenstraße 1",13,(+43 1) 801 10-2440,
STATIONENOGD.1071,1071,POINT (16.278674677972262 48.16922394815937),Krankenhaus Hietzing mit Neurologischem Zentrum Rosenhügel,Dermatologische Wochenklinik,http://www.wienkav.at/kav/khr/Medstellen_Anzeigen.asp?id=1095,"13., Wolkersbergenstraße 1",13,(+43 1) 801 10-2439,
STATIONENOGD.911,911,POINT (16.406510149868307 48.253725517310016),Sozialmedizinisches Zentrum Floridsdorf Krankenhaus und Geriatriezentrum,Intensivstation,http://www.wienkav.at/kav/flo/Medstellen_Anzeigen.asp?id=1614,"21., Hinaysgasse 1",21,"(+43 1) 275 22-4010, 4011",
STATIONENOGD.912,912,POINT (16.406510149868307 48.253725517310016),Sozialmedizinisches Zentrum Floridsdorf Krankenhaus und Geriatriezentrum,Postoperatives Aufwachzimmer,http://www.wienkav.at/kav/flo/Medstellen_Anzeigen.asp?id=1611,"21., Hinaysgasse 1",21,(+43 1) 275 22-4020,
STATIONENOGD.917,917,POINT (16.406510149868307 48.253725517310016),Sozialmedizinisches Zentrum Floridsdorf Krankenhaus und Geriatriezentrum,1. Chirurgische Station,http://www.wienkav.at/kav/flo/Medstellen_Anzeigen.asp?id=189,"21., Hinaysgasse 1",21,"(+43 1) 275 22-4110, 4111",
STATIONENOGD.918,918,POINT (16.406510149868307 48.253725517310016),Sozialmedizinisches Zentrum Floridsdorf Krankenhaus und Geriatriezentrum,2. Chirurgische Station,http://www.wienkav.at/kav/flo/Medstellen_Anzeigen.asp?id=190,"21., Hinaysgasse 1",21,"(+43 1) 275 22-4120, 4121",
STATIONENOGD.919,919,POINT (16.406510149868307 48.253725517310016),Sozialmedizinisches Zentrum Floridsdorf Krankenhaus und Geriatriezentrum,3. Chirurgische Station,http://www.wienkav.at/kav/flo/Medstellen_Anzeigen.asp?id=191,"21., Hinaysgasse 1",21,"(+43 1) 275 22-4130, 4131, 413",
STATIONENOGD.920,920,POINT (16.406510149868307 48.253725517310016),Sozialmedizinisches Zentrum Floridsdorf Krankenhaus und Geriatriezentrum,Aseptischer Operationssaal,http://www.wienkav.at/kav/flo/Medstellen_Anzeigen.asp?id=1610,"21., Hinaysgasse 1",21,(+43 1) 275 22-4150,
STATIONENOGD.922,922,POINT (16.406510149868307 48.253725517310016),Sozialmedizinisches Zentrum Floridsdorf Krankenhaus und Geriatriezentrum,1. Medizinische Station,http://www.wienkav.at/kav/flo/Medstellen_Anzeigen.asp?id=945,"21., Hinaysgasse 1",21,"(+43 1) 275 22-2110, 2111",
STATIONENOGD.923,923,POINT (16.406510149868307 48.253725517310016),Sozialmedizinisches Zentrum Floridsdorf Krankenhaus und Geriatriezentrum,2. Medizinische Station,http://www.wienkav.at/kav/flo/Medstellen_Anzeigen.asp?id=946,"21., Hinaysgasse 1",21,"(+43 1) 275 22-2120, 2121",
STATIONENOGD.924,924,POINT (16.406510149868307 48.253725517310016),Sozialmedizinisches Zentrum Floridsdorf Krankenhaus und Geriatriezentrum,3. Medizinische Station,http://www.wienkav.at/kav/flo/Medstellen_Anzeigen.asp?id=947,"21., Hinaysgasse 1",21,"(+43 1) 275 22-2130, 2131",
STATIONENOGD.925,925,POINT (16.406510149868307 48.253725517310016),Sozialmedizinisches Zentrum Floridsdorf Krankenhaus und Geriatriezentrum,4. Medizinische Station,http://www.wienkav.at/kav/flo/Medstellen_Anzeigen.asp?id=948,"21., Hinaysgasse 1",21,"(+43 1) 275 22-2140, 2141",
STATIONENOGD.926,926,POINT (16.406510149868307 48.253725517310016),Sozialmedizinisches Zentrum Floridsdorf Krankenhaus und Geriatriezentrum,5. Medizinische Station - Akutgeriatrie/Remobilisation,http://www.wienkav.at/kav/flo/Medstellen_Anzeigen.asp?id=949,"21., Hinaysgasse 1",21,(+43 1) 275 22-2188,
STATIONENOGD.927,927,POINT (16.406510149868307 48.253725517310016),Sozialmedizinisches Zentrum Floridsdorf Krankenhaus und Geriatriezentrum,Interne Intensivstation,http://www.wienkav.at/kav/flo/Medstellen_Anzeigen.asp?id=1563,"21., Hinaysgasse 1",21,(+43 1) 275 22-2151,
STATIONENOGD.929,929,POINT (16.352404479865555 48.17537948403483),Sozialmedizinisches Zentrum Süd - Kaiser-Franz-Josef-Spital mit Gottfried von Preyer'schem Kinderspital,Dialyse,http://www.wienkav.at/kav/kfj/Medstellen_Anzeigen.asp?id=1577,"10., Kundratstraße 3",10,(+43 1) 601 91-2127,
STATIONENOGD.930,930,POINT (16.352404479865555 48.17537948403483),Sozialmedizinisches Zentrum Süd - Kaiser-Franz-Josef-Spital mit Gottfried von Preyer'schem Kinderspital,Intensivstation,http://www.wienkav.at/kav/kfj/Medstellen_Anzeigen.asp?id=709,"10., Kundratstraße 3",10,(+43 1) 601 91-2150,
STATIONENOGD.931,931,POINT (16.352404479865555 48.17537948403483),Sozialmedizinisches Zentrum Süd - Kaiser-Franz-Josef-Spital mit Gottfried von Preyer'schem Kinderspital,Station D 17,http://www.wienkav.at/kav/kfj/Medstellen_Anzeigen.asp?id=710,"10., Kundratstraße 3",10,(+43 1) 601 91-2142,
STATIONENOGD.932,932,POINT (16.352404479865555 48.17537948403483),Sozialmedizinisches Zentrum Süd - Kaiser-Franz-Josef-Spital mit Gottfried von Preyer'schem Kinderspital,Station D 27,http://www.wienkav.at/kav/kfj/Medstellen_Anzeigen.asp?id=711,"10., Kundratstraße 3",10,(+43 1) 601 91-999 - 2154,
STATIONENOGD.933,933,POINT (16.352404479865555 48.17537948403483),Sozialmedizinisches Zentrum Süd - Kaiser-Franz-Josef-Spital mit Gottfried von Preyer'schem Kinderspital,Station D 37,http://www.wienkav.at/kav/kfj/Medstellen_Anzeigen.asp?id=712,"10., Kundratstraße 3",10,(+43 1) 601 91-2145,
STATIONENOGD.937,937,POINT (16.352404479865555 48.17537948403483),Sozialmedizinisches Zentrum Süd - Kaiser-Franz-Josef-Spital mit Gottfried von Preyer'schem Kinderspital,Akutgeriatrische Tagstation,http://www.wienkav.at/kav/kfj/Medstellen_Anzeigen.asp?id=1578,"10., Kundratstraße 3",10,(+43 1) 601 91-2268,
STATIONENOGD.938,938,POINT (16.352404479865555 48.17537948403483),Sozialmedizinisches Zentrum Süd - Kaiser-Franz-Josef-Spital mit Gottfried von Preyer'schem Kinderspital,Rheumatologische Tagstation,http://www.wienkav.at/kav/kfj/Medstellen_Anzeigen.asp?id=713,"10., Kundratstraße 3",10,(+43 1) 601 91-2221,
STATIONENOGD.939,939,POINT (16.352404479865555 48.17537948403483),Sozialmedizinisches Zentrum Süd - Kaiser-Franz-Josef-Spital mit Gottfried von Preyer'schem Kinderspital,Station AG/R 1,http://www.wienkav.at/kav/kfj/Medstellen_Anzeigen.asp?id=715,"10., Kundratstraße 3",10,(+43 1) 601 91-2241,
STATIONENOGD.940,940,POINT (16.352404479865555 48.17537948403483),Sozialmedizinisches Zentrum Süd - Kaiser-Franz-Josef-Spital mit Gottfried von Preyer'schem Kinderspital,Station AG/R 2,http://www.wienkav.at/kav/kfj/Medstellen_Anzeigen.asp?id=714,"10., Kundratstraße 3",10,(+43 1) 601 91-2242,
STATIONENOGD.941,941,POINT (16.352404479865555 48.17537948403483),Sozialmedizinisches Zentrum Süd - Kaiser-Franz-Josef-Spital mit Gottfried von Preyer'schem Kinderspital,Station F 09,http://www.wienkav.at/kav/kfj/Medstellen_Anzeigen.asp?id=1549,"10., Kundratstraße 3",10,(+43 1) 601 91-2242,
STATIONENOGD.942,942,POINT (16.352404479865555 48.17537948403483),Sozialmedizinisches Zentrum Süd - Kaiser-Franz-Josef-Spital mit Gottfried von Preyer'schem Kinderspital,Station F 19,http://www.wienkav.at/kav/kfj/Medstellen_Anzeigen.asp?id=716,"10., Kundratstraße 3",10,(+43 1) 601 91-2265,
STATIONENOGD.943,943,POINT (16.352404479865555 48.17537948403483),Sozialmedizinisches Zentrum Süd - Kaiser-Franz-Josef-Spital mit Gottfried von Preyer'schem Kinderspital,Station H 01,http://www.wienkav.at/kav/kfj/Medstellen_Anzeigen.asp?id=719,"10., Kundratstraße 3",10,(+43 1) 601 91-2331,
STATIONENOGD.944,944,POINT (16.352404479865555 48.17537948403483),Sozialmedizinisches Zentrum Süd - Kaiser-Franz-Josef-Spital mit Gottfried von Preyer'schem Kinderspital,Station H 11,http://www.wienkav.at/kav/kfj/Medstellen_Anzeigen.asp?id=718,"10., Kundratstraße 3",10,(+43 1) 601 91-2341,
STATIONENOGD.945,945,POINT (16.352404479865555 48.17537948403483),Sozialmedizinisches Zentrum Süd - Kaiser-Franz-Josef-Spital mit Gottfried von Preyer'schem Kinderspital,Tagstation,http://www.wienkav.at/kav/kfj/Medstellen_Anzeigen.asp?id=717,"10., Kundratstraße 3",10,(+43 1) 601 91-2351,
STATIONENOGD.946,946,POINT (16.352404479865555 48.17537948403483),Sozialmedizinisches Zentrum Süd - Kaiser-Franz-Josef-Spital mit Gottfried von Preyer'schem Kinderspital,Intensiv- und Überwachungsstation C12/C11,http://www.wienkav.at/kav/kfj/Medstellen_Anzeigen.asp?id=3235,"10., Kundratstraße 3",10,(+43 1) 601 91-2407,
STATIONENOGD.947,947,POINT (16.352404479865555 48.17537948403483),Sozialmedizinisches Zentrum Süd - Kaiser-Franz-Josef-Spital mit Gottfried von Preyer'schem Kinderspital,Station C 21,http://www.wienkav.at/kav/kfj/Medstellen_Anzeigen.asp?id=3236,"10., Kundratstraße 3",10,(+43 1) 601 91-2407,
STATIONENOGD.948,948,POINT (16.352404479865555 48.17537948403483),Sozialmedizinisches Zentrum Süd - Kaiser-Franz-Josef-Spital mit Gottfried von Preyer'schem Kinderspital,Station C 31,http://www.wienkav.at/kav/kfj/Medstellen_Anzeigen.asp?id=3237,"10., Kundratstraße 3",10,(+43 1) 601 91-2407,
STATIONENOGD.950,950,POINT (16.352404479865555 48.17537948403483),Sozialmedizinisches Zentrum Süd - Kaiser-Franz-Josef-Spital mit Gottfried von Preyer'schem Kinderspital,Coronar Computertomographie,http://www.wienkav.at/kav/kfj/Medstellen_Anzeigen.asp?id=2867,"10., Kundratstraße 3",10,(+43 1) 601 91-2508,
STATIONENOGD.954,954,POINT (16.352404479865555 48.17537948403483),Sozialmedizinisches Zentrum Süd - Kaiser-Franz-Josef-Spital mit Gottfried von Preyer'schem Kinderspital,Elektrophysiologie und Ablation,http://www.wienkav.at/kav/kfj/Medstellen_Anzeigen.asp?id=2863,"10., Kundratstraße 3",10,(+43 1) 601 91-2508,
STATIONENOGD.957,957,POINT (16.352404479865555 48.17537948403483),Sozialmedizinisches Zentrum Süd - Kaiser-Franz-Josef-Spital mit Gottfried von Preyer'schem Kinderspital,Herzüberwachungsstation,http://www.wienkav.at/kav/kfj/Medstellen_Anzeigen.asp?id=1005,"10., Kundratstraße 3",10,(+43 1) 601 91-2530,
STATIONENOGD.959,959,POINT (16.352404479865555 48.17537948403483),Sozialmedizinisches Zentrum Süd - Kaiser-Franz-Josef-Spital mit Gottfried von Preyer'schem Kinderspital,Magnetresonanz des Herzens,http://www.wienkav.at/kav/kfj/Medstellen_Anzeigen.asp?id=2862,"10., Kundratstraße 3",10,(+43 1) 601 91-2508,
STATIONENOGD.963,963,POINT (16.352404479865555 48.17537948403483),Sozialmedizinisches Zentrum Süd - Kaiser-Franz-Josef-Spital mit Gottfried von Preyer'schem Kinderspital,Station H 21,http://www.wienkav.at/kav/kfj/Medstellen_Anzeigen.asp?id=721,"10., Kundratstraße 3",10,(+43 1) 601 91-2521,
STATIONENOGD.964,964,POINT (16.352404479865555 48.17537948403483),Sozialmedizinisches Zentrum Süd - Kaiser-Franz-Josef-Spital mit Gottfried von Preyer'schem Kinderspital,Station H 31,http://www.wienkav.at/kav/kfj/Medstellen_Anzeigen.asp?id=1004,"10., Kundratstraße 3",10,(+43 1) 601 91-2531,
STATIONENOGD.966,966,POINT (16.352404479865555 48.17537948403483),Sozialmedizinisches Zentrum Süd - Kaiser-Franz-Josef-Spital mit Gottfried von Preyer'schem Kinderspital,Intensivstation/Anästhesie,http://www.wienkav.at/kav/kfj/Medstellen_Anzeigen.asp?id=1605,"10., Kundratstraße 3",10,(+43 1) 601 91-4008,
STATIONENOGD.969,969,POINT (16.352404479865555 48.17537948403483),Sozialmedizinisches Zentrum Süd - Kaiser-Franz-Josef-Spital mit Gottfried von Preyer'schem Kinderspital,Station G 06,http://www.wienkav.at/kav/kfj/Medstellen_Anzeigen.asp?id=1006,"10., Kundratstraße 3",10,(+43 1) 601 91-4111,
STATIONENOGD.970,970,POINT (16.352404479865555 48.17537948403483),Sozialmedizinisches Zentrum Süd - Kaiser-Franz-Josef-Spital mit Gottfried von Preyer'schem Kinderspital,Station G 16,http://www.wienkav.at/kav/kfj/Medstellen_Anzeigen.asp?id=1009,"10., Kundratstraße 3",10,(+43 1) 601 91-4121,
STATIONENOGD.971,971,POINT (16.352404479865555 48.17537948403483),Sozialmedizinisches Zentrum Süd - Kaiser-Franz-Josef-Spital mit Gottfried von Preyer'schem Kinderspital,Station G 26 links,http://www.wienkav.at/kav/kfj/Medstellen_Anzeigen.asp?id=1010,"10., Kundratstraße 3",10,(+43 1) 601 91-4132,
STATIONENOGD.972,972,POINT (16.352404479865555 48.17537948403483),Sozialmedizinisches Zentrum Süd - Kaiser-Franz-Josef-Spital mit Gottfried von Preyer'schem Kinderspital,Station G 26 rechts,http://www.wienkav.at/kav/kfj/Medstellen_Anzeigen.asp?id=1011,"10., Kundratstraße 3",10,(+43 1) 601 91-4141,
STATIONENOGD.973,973,POINT (16.352404479865555 48.17537948403483),Sozialmedizinisches Zentrum Süd - Kaiser-Franz-Josef-Spital mit Gottfried von Preyer'schem Kinderspital,Station I 01,http://www.wienkav.at/kav/kfj/Medstellen_Anzeigen.asp?id=1012,"10., Kundratstraße 3",10,(+43 1) 601 91-4740,
STATIONENOGD.974,974,POINT (16.352404479865555 48.17537948403483),Sozialmedizinisches Zentrum Süd - Kaiser-Franz-Josef-Spital mit Gottfried von Preyer'schem Kinderspital,Station I 11 links,http://www.wienkav.at/kav/kfj/Medstellen_Anzeigen.asp?id=1013,"10., Kundratstraße 3",10,(+43 1) 601 91-4731,
STATIONENOGD.975,975,POINT (16.352404479865555 48.17537948403483),Sozialmedizinisches Zentrum Süd - Kaiser-Franz-Josef-Spital mit Gottfried von Preyer'schem Kinderspital,Station I 11 rechts,http://www.wienkav.at/kav/kfj/Medstellen_Anzeigen.asp?id=1014,"10., Kundratstraße 3",10,(+43 1) 601 91-4753,
STATIONENOGD.977,977,POINT (16.352404479865555 48.17537948403483),Sozialmedizinisches Zentrum Süd - Kaiser-Franz-Josef-Spital mit Gottfried von Preyer'schem Kinderspital,Station G 12,http://www.wienkav.at/kav/kfj/Medstellen_Anzeigen.asp?id=1016,"10., Kundratstraße 3",10,(+43 1) 601 91-4960,
STATIONENOGD.978,978,POINT (16.352404479865555 48.17537948403483),Sozialmedizinisches Zentrum Süd - Kaiser-Franz-Josef-Spital mit Gottfried von Preyer'schem Kinderspital,Wochenstation G 02,http://www.wienkav.at/kav/kfj/Medstellen_Anzeigen.asp?id=1015,"10., Kundratstraße 3",10,(+43 1) 601 91-4930,
STATIONENOGD.982,982,POINT (16.352404479865555 48.17537948403483),Sozialmedizinisches Zentrum Süd - Kaiser-Franz-Josef-Spital mit Gottfried von Preyer'schem Kinderspital,Früh- und Neugeborenenstation,http://www.wienkav.at/kav/kfj/Medstellen_Anzeigen.asp?id=29,"10., Kundratstraße 3",10,(+43 1) 601 91-72670,
STATIONENOGD.983,983,POINT (16.352404479865555 48.17537948403483),Sozialmedizinisches Zentrum Süd - Kaiser-Franz-Josef-Spital mit Gottfried von Preyer'schem Kinderspital,Interne Station 2,http://www.wienkav.at/kav/kfj/Medstellen_Anzeigen.asp?id=538,"10., Kundratstraße 3",10,(+43 1) 601 91-72640,
STATIONENOGD.984,984,POINT (16.352404479865555 48.17537948403483),Sozialmedizinisches Zentrum Süd - Kaiser-Franz-Josef-Spital mit Gottfried von Preyer'schem Kinderspital,Interne Station 3,http://www.wienkav.at/kav/kfj/Medstellen_Anzeigen.asp?id=539,"10., Kundratstraße 3",10,(+43 1) 601 91-72650,
STATIONENOGD.985,985,POINT (16.352404479865555 48.17537948403483),Sozialmedizinisches Zentrum Süd - Kaiser-Franz-Josef-Spital mit Gottfried von Preyer'schem Kinderspital,Neonatologische - u. Kinderintensivstation,http://www.wienkav.at/kav/kfj/Medstellen_Anzeigen.asp?id=518,"10., Kundratstraße 3",10,(+43 1) 601 91-72690,
STATIONENOGD.986,986,POINT (16.352404479865555 48.17537948403483),Sozialmedizinisches Zentrum Süd - Kaiser-Franz-Josef-Spital mit Gottfried von Preyer'schem Kinderspital,Pädiatrische Neurorehabilitation,http://www.wienkav.at/kav/kfj/Medstellen_Anzeigen.asp?id=537,"10., Kundratstraße 3",10,(+43 1) 601 91-72630,
STATIONENOGD.988,988,POINT (16.352404479865555 48.17537948403483),Sozialmedizinisches Zentrum Süd - Kaiser-Franz-Josef-Spital mit Gottfried von Preyer'schem Kinderspital,Station B 01,http://www.wienkav.at/kav/kfj/Medstellen_Anzeigen.asp?id=725,"10., Kundratstraße 3",10,(+43 1) 601 91-2061,
STATIONENOGD.989,989,POINT (16.352404479865555 48.17537948403483),Sozialmedizinisches Zentrum Süd - Kaiser-Franz-Josef-Spital mit Gottfried von Preyer'schem Kinderspital,Station B 11,http://www.wienkav.at/kav/kfj/Medstellen_Anzeigen.asp?id=1513,"10., Kundratstraße 3",10,(+43 1) 601 91-2071,
STATIONENOGD.990,990,POINT (16.352404479865555 48.17537948403483),Sozialmedizinisches Zentrum Süd - Kaiser-Franz-Josef-Spital mit Gottfried von Preyer'schem Kinderspital,Station Stroke Unit,http://www.wienkav.at/kav/kfj/Medstellen_Anzeigen.asp?id=1514,"10., Kundratstraße 3",10,(+43 1) 601 91-2081,
STATIONENOGD.992,992,POINT (16.352404479865555 48.17537948403483),Sozialmedizinisches Zentrum Süd - Kaiser-Franz-Josef-Spital mit Gottfried von Preyer'schem Kinderspital,Station P 03,http://www.wienkav.at/kav/kfj/Medstellen_Anzeigen.asp?id=726,"10., Kundratstraße 3",10,(+43 1) 601 91-2930,
STATIONENOGD.993,993,POINT (16.352404479865555 48.17537948403483),Sozialmedizinisches Zentrum Süd - Kaiser-Franz-Josef-Spital mit Gottfried von Preyer'schem Kinderspital,Station P 04,http://www.wienkav.at/kav/kfj/Medstellen_Anzeigen.asp?id=727,"10., Kundratstraße 3",10,(+43 1) 601 91-2940,
STATIONENOGD.994,994,POINT (16.352404479865555 48.17537948403483),Sozialmedizinisches Zentrum Süd - Kaiser-Franz-Josef-Spital mit Gottfried von Preyer'schem Kinderspital,Station G 14,http://www.wienkav.at/kav/kfj/Medstellen_Anzeigen.asp?id=1017,"10., Kundratstraße 3",10,(+43 1) 601 91-4830,
STATIONENOGD.995,995,POINT (16.352404479865555 48.17537948403483),Sozialmedizinisches Zentrum Süd - Kaiser-Franz-Josef-Spital mit Gottfried von Preyer'schem Kinderspital,Station G 22,http://www.wienkav.at/kav/kfj/Medstellen_Anzeigen.asp?id=1018,"10., Kundratstraße 3",10,(+43 1) 601 91-4860,
STATIONENOGD.996,996,POINT (16.278674677972262 48.16922394815937),Krankenhaus Hietzing mit Neurologischem Zentrum Rosenhügel,1.Chir. Angio-Tagesbetten,http://www.wienkav.at/kav/khr/Medstellen_Anzeigen.asp?id=1153,"13., Wolkersbergenstraße 1",13,(+43 1) 801 10-2382,
STATIONENOGD.997,997,POINT (16.278674677972262 48.16922394815937),Krankenhaus Hietzing mit Neurologischem Zentrum Rosenhügel,1.Chir. Station 105,http://www.wienkav.at/kav/khr/Medstellen_Anzeigen.asp?id=1154,"13., Wolkersbergenstraße 1",13,(+43 1) 801 10-2410,
STATIONENOGD.998,998,POINT (16.278674677972262 48.16922394815937),Krankenhaus Hietzing mit Neurologischem Zentrum Rosenhügel,1.Chir. Station 76 - Sept.,http://www.wienkav.at/kav/khr/Medstellen_Anzeigen.asp?id=1155,"13., Wolkersbergenstraße 1",13,(+43 1) 801 10-2405,
STATIONENOGD.999,999,POINT (16.278674677972262 48.16922394815937),Krankenhaus Hietzing mit Neurologischem Zentrum Rosenhügel,1.Chir. Station 80,http://www.wienkav.at/kav/khr/Medstellen_Anzeigen.asp?id=1156,"13., Wolkersbergenstraße 1",13,(+43 1) 801 10-2406,
STATIONENOGD.1015,1015,POINT (16.278674677972262 48.16922394815937),Krankenhaus Hietzing mit Neurologischem Zentrum Rosenhügel,1.Med. Station A,http://www.wienkav.at/kav/khr/Medstellen_Anzeigen.asp?id=1097,"13., Wolkersbergenstraße 1",13,(+43 1) 801 10-2376,
STATIONENOGD.1016,1016,POINT (16.278674677972262 48.16922394815937),Krankenhaus Hietzing mit Neurologischem Zentrum Rosenhügel,1.Med. Station B,http://www.wienkav.at/kav/khr/Medstellen_Anzeigen.asp?id=1098,"13., Wolkersbergenstraße 1",13,(+43 1) 801 10-2374,
STATIONENOGD.1017,1017,POINT (16.278674677972262 48.16922394815937),Krankenhaus Hietzing mit Neurologischem Zentrum Rosenhügel,1.Med. Station C,http://www.wienkav.at/kav/khr/Medstellen_Anzeigen.asp?id=1099,"13., Wolkersbergenstraße 1",13,(+43 1) 801 10-2372,
STATIONENOGD.1018,1018,POINT (16.278674677972262 48.16922394815937),Krankenhaus Hietzing mit Neurologischem Zentrum Rosenhügel,1.Med. Überwachungsstation,http://www.wienkav.at/kav/khr/Medstellen_Anzeigen.asp?id=1101,"13., Wolkersbergenstraße 1",13,(+43 1) 801 10-2462,
STATIONENOGD.1019,1019,POINT (16.278674677972262 48.16922394815937),Krankenhaus Hietzing mit Neurologischem Zentrum Rosenhügel,Station A 1 Modellstation für neurologische und neuropsychologische Rehabilitation,http://www.wienkav.at/kav/khr/Medstellen_Anzeigen.asp?id=85,"13., Wolkersbergenstraße 1",13,(+43 1) 801 10-372,
STATIONENOGD.1178,1178,POINT (16.390827972181082 48.196348761482355),Krankenanstalt Rudolfstiftung inklusive Standort Semmelweis Frauenklinik,Station 14A,http://www.wienkav.at/kav/kar/Medstellen_Anzeigen.asp?id=65,"3., Juchgasse 25",3,(+43 1) 711 65-2030,
STATIONENOGD.1179,1179,POINT (16.390827972181082 48.196348761482355),Krankenanstalt Rudolfstiftung inklusive Standort Semmelweis Frauenklinik,Stroke Unit 14A,http://www.wienkav.at/kav/kar/Medstellen_Anzeigen.asp?id=2181,"3., Juchgasse 25",3,(+43 1) 711 65-2030,
STATIONENOGD.1180,1180,POINT (16.390827972181082 48.196348761482355),Krankenanstalt Rudolfstiftung inklusive Standort Semmelweis Frauenklinik,Station 5B,http://www.wienkav.at/kav/kar/Medstellen_Anzeigen.asp?id=645,"3., Juchgasse 25",3,(+43 1) 711 65-4831,
STATIONENOGD.1188,1188,POINT (16.30417940882522 48.210773467645055),Wilhelminenspital,1.Med. - Labor,http://www.wienkav.at/kav/wil/Medstellen_Anzeigen.asp?id=820,"16., Montleartstraße 37",16,(+43 1) 491 50-2115,
STATIONENOGD.1189,1189,POINT (16.30417940882522 48.210773467645055),Wilhelminenspital,1.Med. - Patienteninformationszentrum,http://www.wienkav.at/kav/wil/Medstellen_Anzeigen.asp?id=821,"16., Montleartstraße 37",16,(+43 1) 491 50-2166,
STATIONENOGD.1190,1190,POINT (16.30417940882522 48.210773467645055),Wilhelminenspital,1.Med. - Station A,http://www.wienkav.at/kav/wil/Medstellen_Anzeigen.asp?id=822,"16., Montleartstraße 37",16,(+43 1) 491 50-2121,
STATIONENOGD.1191,1191,POINT (16.30417940882522 48.210773467645055),Wilhelminenspital,1.Med. - Station B,http://www.wienkav.at/kav/wil/Medstellen_Anzeigen.asp?id=823,"16., Montleartstraße 37",16,(+43 1) 491 50-2131,
STATIONENOGD.1192,1192,POINT (16.30417940882522 48.210773467645055),Wilhelminenspital,1.Med. - Station C,http://www.wienkav.at/kav/wil/Medstellen_Anzeigen.asp?id=824,"16., Montleartstraße 37",16,(+43 1) 491 50-2141,
STATIONENOGD.1193,1193,POINT (16.30417940882522 48.210773467645055),Wilhelminenspital,1.Med. - Station D / Transplantation,http://www.wienkav.at/kav/wil/Medstellen_Anzeigen.asp?id=825,"16., Montleartstraße 37",16,(+43 1) 491 50-2151,
STATIONENOGD.1194,1194,POINT (16.30417940882522 48.210773467645055),Wilhelminenspital,1.Med. - Tagesklinik,http://www.wienkav.at/kav/wil/Medstellen_Anzeigen.asp?id=826,"16., Montleartstraße 37",16,(+43 1) 491 50-2110,
STATIONENOGD.1201,1201,POINT (16.30417940882522 48.210773467645055),Wilhelminenspital,gemeinsamer Laborbereich,http://www.wienkav.at/kav/wil/Medstellen_Anzeigen.asp?id=827,"16., Montleartstraße 37",16,(+43 1) 491 50-2215,
STATIONENOGD.1202,1202,POINT (16.30417940882522 48.210773467645055),Wilhelminenspital,Labor für Zytodiagnostik,http://www.wienkav.at/kav/wil/Medstellen_Anzeigen.asp?id=828,"16., Montleartstraße 37",16,(+43 1) 491 50-2216,
STATIONENOGD.1203,1203,POINT (16.30417940882522 48.210773467645055),Wilhelminenspital,Lungenfunktionslabor,http://www.wienkav.at/kav/wil/Medstellen_Anzeigen.asp?id=829,"16., Montleartstraße 37",16,(+43 1) 491 50-2261,
STATIONENOGD.1204,1204,POINT (16.30417940882522 48.210773467645055),Wilhelminenspital,Station B-Ost,http://www.wienkav.at/kav/wil/Medstellen_Anzeigen.asp?id=830,"16., Montleartstraße 37",16,(+43 1) 491 50-2220,
STATIONENOGD.1205,1205,POINT (16.30417940882522 48.210773467645055),Wilhelminenspital,Station B-West,http://www.wienkav.at/kav/wil/Medstellen_Anzeigen.asp?id=831,"16., Montleartstraße 37",16,(+43 1) 491 50-2230,
STATIONENOGD.1206,1206,POINT (16.30417940882522 48.210773467645055),Wilhelminenspital,Station C-Ost (Int.Lunge),http://www.wienkav.at/kav/wil/Medstellen_Anzeigen.asp?id=832,"16., Montleartstraße 37",16,(+43 1) 491 50-2240,
STATIONENOGD.1207,1207,POINT (16.30417940882522 48.210773467645055),Wilhelminenspital,Station C-West (Int.Lunge),http://www.wienkav.at/kav/wil/Medstellen_Anzeigen.asp?id=833,"16., Montleartstraße 37",16,(+43 1) 491 50-2250,
STATIONENOGD.1208,1208,POINT (16.30417940882522 48.210773467645055),Wilhelminenspital,Herz-Intensivstation,http://www.wienkav.at/kav/wil/Medstellen_Anzeigen.asp?id=582,"16., Montleartstraße 37",16,(+43 1) 491 50-2331,
STATIONENOGD.1209,1209,POINT (16.30417940882522 48.210773467645055),Wilhelminenspital,Station C-Nord,http://www.wienkav.at/kav/wil/Medstellen_Anzeigen.asp?id=583,"16., Montleartstraße 37",16,(+43 1) 491 50-2345,
STATIONENOGD.1210,1210,POINT (16.30417940882522 48.210773467645055),Wilhelminenspital,Station D-Nord,http://www.wienkav.at/kav/wil/Medstellen_Anzeigen.asp?id=584,"16., Montleartstraße 37",16,(+43 1) 491 50-2355,
STATIONENOGD.1211,1211,POINT (16.30417940882522 48.210773467645055),Wilhelminenspital,Station D-Süd,http://www.wienkav.at/kav/wil/Medstellen_Anzeigen.asp?id=585,"16., Montleartstraße 37",16,(+43 1) 491 50-2365,
STATIONENOGD.1213,1213,POINT (16.30417940882522 48.210773467645055),Wilhelminenspital,4.Med. - Station E-Nord,http://www.wienkav.at/kav/wil/Medstellen_Anzeigen.asp?id=840,"16., Montleartstraße 37",16,(+43 1) 491 50-2431,
STATIONENOGD.1214,1214,POINT (16.30417940882522 48.210773467645055),Wilhelminenspital,4.Med. - Station E-Süd,http://www.wienkav.at/kav/wil/Medstellen_Anzeigen.asp?id=841,"16., Montleartstraße 37",16,(+43 1) 491 50-2421,
STATIONENOGD.1215,1215,POINT (16.30417940882522 48.210773467645055),Wilhelminenspital,4.Med. - Station F - Nord,http://www.wienkav.at/kav/wil/Medstellen_Anzeigen.asp?id=842,"16., Montleartstraße 37",16,(+43 1) 491 50-2441,
STATIONENOGD.1216,1216,POINT (16.30417940882522 48.210773467645055),Wilhelminenspital,Station C-Nord,http://www.wienkav.at/kav/wil/Medstellen_Anzeigen.asp?id=843,"16., Montleartstraße 37",16,(+43 1) 491 50-2530,
STATIONENOGD.1217,1217,POINT (16.30417940882522 48.210773467645055),Wilhelminenspital,Station C-Süd,http://www.wienkav.at/kav/wil/Medstellen_Anzeigen.asp?id=844,"16., Montleartstraße 37",16,(+43 1) 491 50-2520,
STATIONENOGD.1218,1218,POINT (16.30417940882522 48.210773467645055),Wilhelminenspital,Station D-Nord,http://www.wienkav.at/kav/wil/Medstellen_Anzeigen.asp?id=845,"16., Montleartstraße 37",16,(+43 1) 491 50-2550,
STATIONENOGD.1219,1219,POINT (16.30417940882522 48.210773467645055),Wilhelminenspital,Station D-Süd,http://www.wienkav.at/kav/wil/Medstellen_Anzeigen.asp?id=846,"16., Montleartstraße 37",16,(+43 1) 491 50-2540,
STATIONENOGD.1225,1225,POINT (16.30417940882522 48.210773467645055),Wilhelminenspital,"Akutdialyse, Pav. 29, C-Süd",http://www.wienkav.at/kav/wil/Medstellen_Anzeigen.asp?id=3181,"16., Montleartstraße 37",16,(+43 1) 491 50-2670,
STATIONENOGD.1226,1226,POINT (16.30417940882522 48.210773467645055),Wilhelminenspital,Chronische Hämodialyse Pav. 17,http://www.wienkav.at/kav/wil/Medstellen_Anzeigen.asp?id=3183,"16., Montleartstraße 37",16,(+43 1) 491 50-2620,
STATIONENOGD.1227,1227,POINT (16.30417940882522 48.210773467645055),Wilhelminenspital,Chronische Hämodialyse Pav. 19,http://www.wienkav.at/kav/wil/Medstellen_Anzeigen.asp?id=3182,"16., Montleartstraße 37",16,(+43 1) 491 50-2640,
STATIONENOGD.1228,1228,POINT (16.30417940882522 48.210773467645055),Wilhelminenspital,"Nephrologische Bettenstation , Pav. 29 , D- Nord",http://www.wienkav.at/kav/wil/Medstellen_Anzeigen.asp?id=847,"16., Montleartstraße 37",16,(+43 1) 491 50-2655,
STATIONENOGD.1230,1230,POINT (16.30417940882522 48.210773467645055),Wilhelminenspital,Station D-West,http://www.wienkav.at/kav/wil/Medstellen_Anzeigen.asp?id=851,"16., Montleartstraße 37",16,(+43 1) 491 50-4220,
STATIONENOGD.1231,1231,POINT (16.30417940882522 48.210773467645055),Wilhelminenspital,Station E-Ost,http://www.wienkav.at/kav/wil/Medstellen_Anzeigen.asp?id=852,"16., Montleartstraße 37",16,(+43 1) 491 50-4240,
STATIONENOGD.1232,1232,POINT (16.30417940882522 48.210773467645055),Wilhelminenspital,Station E-West,http://www.wienkav.at/kav/wil/Medstellen_Anzeigen.asp?id=853,"16., Montleartstraße 37",16,(+43 1) 491 50-4230,
STATIONENOGD.1233,1233,POINT (16.30417940882522 48.210773467645055),Wilhelminenspital,"Allgemeine Intensivstation (IBST 1) - Pavillon 30, Ebene C",http://www.wienkav.at/kav/wil/Medstellen_Anzeigen.asp?id=880,"16., Montleartstraße 37",16,(+43 1) 491 50-4021,
STATIONENOGD.1236,1236,POINT (16.30417940882522 48.210773467645055),Wilhelminenspital,"Operative Intensivstation (IBST 2) - Pavillon 28, Ebene D-West",http://www.wienkav.at/kav/wil/Medstellen_Anzeigen.asp?id=1542,"16., Montleartstraße 37",16,(+43 1) 491 50-4250,
STATIONENOGD.1237,1237,POINT (16.30417940882522 48.210773467645055),Wilhelminenspital,Toxikologische Intensivstation (IBST 3) - Pavillon 16,http://www.wienkav.at/kav/wil/Medstellen_Anzeigen.asp?id=881,"16., Montleartstraße 37",16,(+43 1) 491 50-4030,
STATIONENOGD.1238,1238,POINT (16.30417940882522 48.210773467645055),Wilhelminenspital,Station C,http://www.wienkav.at/kav/wil/Medstellen_Anzeigen.asp?id=848,"16., Montleartstraße 37",16,(+43 1) 491 50-4120,
STATIONENOGD.1239,1239,POINT (16.30417940882522 48.210773467645055),Wilhelminenspital,Station D,http://www.wienkav.at/kav/wil/Medstellen_Anzeigen.asp?id=849,"16., Montleartstraße 37",16,(+43 1) 491 50-4130,
STATIONENOGD.1240,1240,POINT (16.30417940882522 48.210773467645055),Wilhelminenspital,Intermediate Care-Nachsorgestation,http://www.wienkav.at/kav/wil/Medstellen_Anzeigen.asp?id=591,"16., Montleartstraße 37",16,(+43 1) 491 50-2961,
STATIONENOGD.1241,1241,POINT (16.30417940882522 48.210773467645055),Wilhelminenspital,Neonatologische Intensivstation,http://www.wienkav.at/kav/wil/Medstellen_Anzeigen.asp?id=589,"16., Montleartstraße 37",16,(+43 1) 491 50-2970,
STATIONENOGD.1242,1242,POINT (16.30417940882522 48.210773467645055),Wilhelminenspital,Pavillon 1 - Infektiologie und Gastroenterologie,http://www.wienkav.at/kav/wil/Medstellen_Anzeigen.asp?id=867,"16., Montleartstraße 37",16,(+43 1) 491 50-2820,
STATIONENOGD.1243,1243,POINT (16.30417940882522 48.210773467645055),Wilhelminenspital,Pavillon 14,http://www.wienkav.at/kav/wil/Medstellen_Anzeigen.asp?id=3045,"16., Montleartstraße 37",16,(+43 1) 491 50-2930,
STATIONENOGD.1244,1244,POINT (16.30417940882522 48.210773467645055),Wilhelminenspital,Pavillon 15 - Station für Jugendpsychosomatik und Psychotherapie,http://www.wienkav.at/kav/wil/Medstellen_Anzeigen.asp?id=3052,"16., Montleartstraße 37",16,(+43 1) 491 50-2940,
STATIONENOGD.1245,1245,POINT (16.30417940882522 48.210773467645055),Wilhelminenspital,Pavillon 15 - Station für Psychotherapie und Krisenintervention im Jugendalter,http://www.wienkav.at/kav/wil/Medstellen_Anzeigen.asp?id=3053,"16., Montleartstraße 37",16,(+43 1) 491 50-2940,
STATIONENOGD.1246,1246,POINT (16.30417940882522 48.210773467645055),Wilhelminenspital,Pavillon 18 - Station für Kinderpsychosomatik und Psychotherapie,http://www.wienkav.at/kav/wil/Medstellen_Anzeigen.asp?id=3054,"16., Montleartstraße 37",16,(+43 1) 491 50-2950,
STATIONENOGD.1247,1247,POINT (16.30417940882522 48.210773467645055),Wilhelminenspital,Pavillon 4,http://www.wienkav.at/kav/wil/Medstellen_Anzeigen.asp?id=870,"16., Montleartstraße 37",16,(+43 1) 491 50-2840,
STATIONENOGD.1248,1248,POINT (16.30417940882522 48.210773467645055),Wilhelminenspital,Pavillon 5 - Säuglingspsychosomatik,http://www.wienkav.at/kav/wil/Medstellen_Anzeigen.asp?id=592,"16., Montleartstraße 37",16,(+43 1) 491 50-2920,
STATIONENOGD.1249,1249,POINT (16.30417940882522 48.210773467645055),Wilhelminenspital,"Pavillon 6 - Pulmologie, Cystische Fibrose, Urologie",http://www.wienkav.at/kav/wil/Medstellen_Anzeigen.asp?id=871,"16., Montleartstraße 37",16,(+43 1) 491 50-2850,
STATIONENOGD.1250,1250,POINT (16.30417940882522 48.210773467645055),Wilhelminenspital,Pavillon 8 - Allgemeinpädiatrie,http://www.wienkav.at/kav/wil/Medstellen_Anzeigen.asp?id=3044,"16., Montleartstraße 37",16,(+43 1) 491 50-2860,
STATIONENOGD.1350,1350,POINT (16.464207358277807 48.21900715284194),Sozialmedizinisches Zentrum Ost - Donauspital,Station 33A:,http://www.wienkav.at/kav/dsp/Medstellen_Anzeigen.asp?id=2913,"22., Langobardenstraße 122",22,"(+43 1) 288 02-4425, 4426",
STATIONENOGD.1351,1351,POINT (16.464207358277807 48.21900715284194),Sozialmedizinisches Zentrum Ost - Donauspital,Station 34:,http://www.wienkav.at/kav/dsp/Medstellen_Anzeigen.asp?id=390,"22., Langobardenstraße 122",22,(+43 1) 288 02-4327 oder 4328,
STATIONENOGD.1352,1352,POINT (16.464207358277807 48.21900715284194),Sozialmedizinisches Zentrum Ost - Donauspital,Station 43:,http://www.wienkav.at/kav/dsp/Medstellen_Anzeigen.asp?id=393,"22., Langobardenstraße 122",22,"(+43 1) 288 02-4325, 4326",
STATIONENOGD.1353,1353,POINT (16.464207358277807 48.21900715284194),Sozialmedizinisches Zentrum Ost - Donauspital,Nuklearmedizinische TherapiebettenstationAnmeldung telefonisch oder persönlich Montag bis Freitag 07:30-15:30 Uhr über die Ambulanz der Abteilung,http://www.wienkav.at/kav/dsp/Medstellen_Anzeigen.asp?id=383,"22., Langobardenstraße 122",22,(+43 1) 288 02-4835 oder 4836,
STATIONENOGD.1354,1354,POINT (16.464207358277807 48.21900715284194),Sozialmedizinisches Zentrum Ost - Donauspital,Station 31:,http://www.wienkav.at/kav/dsp/Medstellen_Anzeigen.asp?id=409,"22., Langobardenstraße 122",22,(+43 1) 288 02-3427 oder 3428,
STATIONENOGD.1355,1355,POINT (16.464207358277807 48.21900715284194),Sozialmedizinisches Zentrum Ost - Donauspital,Station 32:,http://www.wienkav.at/kav/dsp/Medstellen_Anzeigen.asp?id=410,"22., Langobardenstraße 122",22,(+43 1) 288 02-3429 oder 3430,
STATIONENOGD.1356,1356,POINT (16.464207358277807 48.21900715284194),Sozialmedizinisches Zentrum Ost - Donauspital,Station 41 U:,http://www.wienkav.at/kav/dsp/Medstellen_Anzeigen.asp?id=2843,"22., Langobardenstraße 122",22,(+43 1) 288 02-3323 oder 3324,
STATIONENOGD.1357,1357,POINT (16.464207358277807 48.21900715284194),Sozialmedizinisches Zentrum Ost - Donauspital,Station 41 IMCU:,http://www.wienkav.at/kav/dsp/Medstellen_Anzeigen.asp?id=407,"22., Langobardenstraße 122",22,(+43 1) 288 02-3323 oder 3324,
STATIONENOGD.1358,1358,POINT (16.464207358277807 48.21900715284194),Sozialmedizinisches Zentrum Ost - Donauspital,Station 73 :,http://www.wienkav.at/kav/dsp/Medstellen_Anzeigen.asp?id=413,"22., Langobardenstraße 122",22,(+43 1) 288 02-3718 oder 3719,
STATIONENOGD.1359,1359,POINT (16.464207358277807 48.21900715284194),Sozialmedizinisches Zentrum Ost - Donauspital,Station 51:,http://www.wienkav.at/kav/dsp/Medstellen_Anzeigen.asp?id=414,"22., Langobardenstraße 122",22,(+43 1) 288 02-4040 oder 4041,
STATIONENOGD.1360,1360,POINT (16.464207358277807 48.21900715284194),Sozialmedizinisches Zentrum Ost - Donauspital,Station 42:,http://www.wienkav.at/kav/dsp/Medstellen_Anzeigen.asp?id=408,"22., Langobardenstraße 122",22,(+43 1) 288 02-3325 oder 3326,
STATIONENOGD.1361,1361,POINT (16.464207358277807 48.21900715284194),Sozialmedizinisches Zentrum Ost - Donauspital,Station 52:,http://www.wienkav.at/kav/dsp/Medstellen_Anzeigen.asp?id=406,"22., Langobardenstraße 122",22,(+43 1) 288 02-3327 oder 3328,
STATIONENOGD.1362,1362,POINT (16.464207358277807 48.21900715284194),Sozialmedizinisches Zentrum Ost - Donauspital,Station 74,http://www.wienkav.at/kav/dsp/Medstellen_Anzeigen.asp?id=215,"22., Langobardenstraße 122",22,(+43 1) 288 02-4124 oder 4125,
STATIONENOGD.1363,1363,POINT (16.464207358277807 48.21900715284194),Sozialmedizinisches Zentrum Ost - Donauspital,Neugeborenenzimmer,http://www.wienkav.at/kav/dsp/Medstellen_Anzeigen.asp?id=2827,"22., Langobardenstraße 122",22,"(+43 1) 288 02-3819, 3837",
STATIONENOGD.1364,1364,POINT (16.464207358277807 48.21900715284194),Sozialmedizinisches Zentrum Ost - Donauspital,Station 53 Geburten,http://www.wienkav.at/kav/dsp/Medstellen_Anzeigen.asp?id=401,"22., Langobardenstraße 122",22,(+43 1) 288 02-3820 oder 3821,
STATIONENOGD.1365,1365,POINT (16.464207358277807 48.21900715284194),Sozialmedizinisches Zentrum Ost - Donauspital,Station 54 Kreissaal,http://www.wienkav.at/kav/dsp/Medstellen_Anzeigen.asp?id=402,"22., Langobardenstraße 122",22,(+43 1) 288 02-3822,
STATIONENOGD.1366,1366,POINT (16.464207358277807 48.21900715284194),Sozialmedizinisches Zentrum Ost - Donauspital,Station 63 Gynäkologie,http://www.wienkav.at/kav/dsp/Medstellen_Anzeigen.asp?id=2788,"22., Langobardenstraße 122",22,"(+43 1) 288 02-3830, 3831",
STATIONENOGD.1367,1367,POINT (16.464207358277807 48.21900715284194),Sozialmedizinisches Zentrum Ost - Donauspital,Station 64,http://www.wienkav.at/kav/dsp/Medstellen_Anzeigen.asp?id=403,"22., Langobardenstraße 122",22,(+43 1) 288 02-3918,
STATIONENOGD.1369,1369,POINT (16.464207358277807 48.21900715284194),Sozialmedizinisches Zentrum Ost - Donauspital,Station 62:,http://www.wienkav.at/kav/dsp/Medstellen_Anzeigen.asp?id=412,"22., Langobardenstraße 122",22,(+43 1) 288 02-3621 oder 3622,
STATIONENOGD.1370,1370,POINT (16.464207358277807 48.21900715284194),Sozialmedizinisches Zentrum Ost - Donauspital,Station 45:,http://www.wienkav.at/kav/dsp/Medstellen_Anzeigen.asp?id=384,"22., Langobardenstraße 122",22,(+43 1) 288 02-4220 oder 4221,
STATIONENOGD.1371,1371,POINT (16.464207358277807 48.21900715284194),Sozialmedizinisches Zentrum Ost - Donauspital,Station 47,http://www.wienkav.at/kav/dsp/Medstellen_Anzeigen.asp?id=1622,"22., Langobardenstraße 122",22,(+43 1) 288 02-3547,
STATIONENOGD.1372,1372,POINT (16.464207358277807 48.21900715284194),Sozialmedizinisches Zentrum Ost - Donauspital,Station 61 :,http://www.wienkav.at/kav/dsp/Medstellen_Anzeigen.asp?id=411,"22., Langobardenstraße 122",22,(+43 1) 288 02-3517 oder 3518,
STATIONENOGD.1373,1373,POINT (16.464207358277807 48.21900715284194),Sozialmedizinisches Zentrum Ost - Donauspital,Psychologisches Labor,http://www.wienkav.at/kav/dsp/Medstellen_Anzeigen.asp?id=2784,"22., Langobardenstraße 122",22,"(+43 1) 288 02-3050, 3052",
STATIONENOGD.1374,1374,POINT (16.464207358277807 48.21900715284194),Sozialmedizinisches Zentrum Ost - Donauspital,Station 28 Neuropsychiatrische Station,http://www.wienkav.at/kav/dsp/Medstellen_Anzeigen.asp?id=385,"22., Langobardenstraße 122",22,(+43 1) 288 02-3028 oder 3029,
STATIONENOGD.1375,1375,POINT (16.464207358277807 48.21900715284194),Sozialmedizinisches Zentrum Ost - Donauspital,Station 38 Gerontopsychiatrische Station,http://www.wienkav.at/kav/dsp/Medstellen_Anzeigen.asp?id=386,"22., Langobardenstraße 122",22,(+43 1) 288 02-3038 oder 3039,
STATIONENOGD.1376,1376,POINT (16.464207358277807 48.21900715284194),Sozialmedizinisches Zentrum Ost - Donauspital,Station 57 Akutpsychiatrische Station,http://www.wienkav.at/kav/dsp/Medstellen_Anzeigen.asp?id=387,"22., Langobardenstraße 122",22,(+43 1) 288 02-3056 oder 3057,
STATIONENOGD.1377,1377,POINT (16.464207358277807 48.21900715284194),Sozialmedizinisches Zentrum Ost - Donauspital,Station 58 Psychotherapeutische und Sozialtherapeutische Station,http://www.wienkav.at/kav/dsp/Medstellen_Anzeigen.asp?id=388,"22., Langobardenstraße 122",22,(+43 1) 288 02-3058 oder 3059,
STATIONENOGD.1378,1378,POINT (16.278564757374582 48.20741805176079),Sozialmedizinisches Zentrum Baumgartner Höhe Otto-Wagner-Spital und Pflegezentrum,Bronchologie,http://www.wienkav.at/kav/ows/Medstellen_Anzeigen.asp?id=1031,"14., Baumgartner Höhe 1",14,(+43 1) 910 60-41710,
STATIONENOGD.1379,1379,POINT (16.278564757374582 48.20741805176079),Sozialmedizinisches Zentrum Baumgartner Höhe Otto-Wagner-Spital und Pflegezentrum,Hermann 1.Stock,http://www.wienkav.at/kav/ows/Medstellen_Anzeigen.asp?id=1032,"14., Baumgartner Höhe 1",14,(+43 1) 910 60-41834,
STATIONENOGD.1380,1380,POINT (16.278564757374582 48.20741805176079),Sozialmedizinisches Zentrum Baumgartner Höhe Otto-Wagner-Spital und Pflegezentrum,Intensivstation,http://www.wienkav.at/kav/ows/Medstellen_Anzeigen.asp?id=1033,"14., Baumgartner Höhe 1",14,(+43 1) 910 60-44308,
STATIONENOGD.1381,1381,POINT (16.278564757374582 48.20741805176079),Sozialmedizinisches Zentrum Baumgartner Höhe Otto-Wagner-Spital und Pflegezentrum,Karlhaus I,http://www.wienkav.at/kav/ows/Medstellen_Anzeigen.asp?id=1035,"14., Baumgartner Höhe 1",14,(+43 1) 910 60-41434,
STATIONENOGD.1382,1382,POINT (16.278564757374582 48.20741805176079),Sozialmedizinisches Zentrum Baumgartner Höhe Otto-Wagner-Spital und Pflegezentrum,Leopold I,http://www.wienkav.at/kav/ows/Medstellen_Anzeigen.asp?id=1036,"14., Baumgartner Höhe 1",14,(+43 1) 910 60-41236,
STATIONENOGD.1383,1383,POINT (16.278564757374582 48.20741805176079),Sozialmedizinisches Zentrum Baumgartner Höhe Otto-Wagner-Spital und Pflegezentrum,Leopold II,http://www.wienkav.at/kav/ows/Medstellen_Anzeigen.asp?id=1037,"14., Baumgartner Höhe 1",14,(+43 1) 910 60-41344,
STATIONENOGD.1384,1384,POINT (16.278564757374582 48.20741805176079),Sozialmedizinisches Zentrum Baumgartner Höhe Otto-Wagner-Spital und Pflegezentrum,Leopold III,http://www.wienkav.at/kav/ows/Medstellen_Anzeigen.asp?id=1038,"14., Baumgartner Höhe 1",14,(+43 1) 910 60-41350,
STATIONENOGD.1385,1385,POINT (16.278564757374582 48.20741805176079),Sozialmedizinisches Zentrum Baumgartner Höhe Otto-Wagner-Spital und Pflegezentrum,Onkologische Tagesstation und Ambulanz,http://www.wienkav.at/kav/ows/Medstellen_Anzeigen.asp?id=1030,"14., Baumgartner Höhe 1",14,(+43 1) 910 60-41240,
STATIONENOGD.1386,1386,POINT (16.278564757374582 48.20741805176079),Sozialmedizinisches Zentrum Baumgartner Höhe Otto-Wagner-Spital und Pflegezentrum,Respiratory Care Unit (RCU),http://www.wienkav.at/kav/ows/Medstellen_Anzeigen.asp?id=1034,"14., Baumgartner Höhe 1",14,(+43 1) 910 60-41635,
STATIONENOGD.1390,1390,POINT (16.278564757374582 48.20741805176079),Sozialmedizinisches Zentrum Baumgartner Höhe Otto-Wagner-Spital und Pflegezentrum,Atemphysiologie und Schlaflabor,http://www.wienkav.at/kav/ows/Medstellen_Anzeigen.asp?id=1045,"14., Baumgartner Höhe 1",14,(+43 1) 910 60-42660,
STATIONENOGD.1391,1391,POINT (16.278564757374582 48.20741805176079),Sozialmedizinisches Zentrum Baumgartner Höhe Otto-Wagner-Spital und Pflegezentrum,Marienhaus I,http://www.wienkav.at/kav/ows/Medstellen_Anzeigen.asp?id=1047,"14., Baumgartner Höhe 1",14,(+43 1) 910 60-42235,
STATIONENOGD.1392,1392,POINT (16.278564757374582 48.20741805176079),Sozialmedizinisches Zentrum Baumgartner Höhe Otto-Wagner-Spital und Pflegezentrum,Pavillon Annenheim,http://www.wienkav.at/kav/ows/Medstellen_Anzeigen.asp?id=1490,"14., Baumgartner Höhe 1",14,(+43 1) 910 60-42126,
STATIONENOGD.1393,1393,POINT (16.278564757374582 48.20741805176079),Sozialmedizinisches Zentrum Baumgartner Höhe Otto-Wagner-Spital und Pflegezentrum,Rosenvilla I,http://www.wienkav.at/kav/ows/Medstellen_Anzeigen.asp?id=1048,"14., Baumgartner Höhe 1",14,(+43 1) 910 60-42515,
STATIONENOGD.1394,1394,POINT (16.278564757374582 48.20741805176079),Sozialmedizinisches Zentrum Baumgartner Höhe Otto-Wagner-Spital und Pflegezentrum,Wienerwald I,http://www.wienkav.at/kav/ows/Medstellen_Anzeigen.asp?id=1049,"14., Baumgartner Höhe 1",14,(+43 1) 910 60-42426,
STATIONENOGD.1395,1395,POINT (16.278564757374582 48.20741805176079),Sozialmedizinisches Zentrum Baumgartner Höhe Otto-Wagner-Spital und Pflegezentrum,Wienerwald P/Tagesklinik,http://www.wienkav.at/kav/ows/Medstellen_Anzeigen.asp?id=1050,"14., Baumgartner Höhe 1",14,(+43 1) 910 60-42518,
STATIONENOGD.1396,1396,POINT (16.278564757374582 48.20741805176079),Sozialmedizinisches Zentrum Baumgartner Höhe Otto-Wagner-Spital und Pflegezentrum,Psychologisches Labor B-Gebäude/1.Stock,http://www.wienkav.at/kav/ows/Medstellen_Anzeigen.asp?id=1637,"14., Baumgartner Höhe 1",14,(+43 1) 910 60-14333,
STATIONENOGD.1397,1397,POINT (16.278564757374582 48.20741805176079),Sozialmedizinisches Zentrum Baumgartner Höhe Otto-Wagner-Spital und Pflegezentrum,Sozialpsychiatrische Ambulanz Pavillon 18/2,http://www.wienkav.at/kav/ows/Medstellen_Anzeigen.asp?id=1067,"14., Baumgartner Höhe 1",14,(+43 1) 910 60-21820,
STATIONENOGD.1398,1398,POINT (16.278564757374582 48.20741805176079),Sozialmedizinisches Zentrum Baumgartner Höhe Otto-Wagner-Spital und Pflegezentrum,Sozialpsychiatrische Station Pavillon 16/2,http://www.wienkav.at/kav/ows/Medstellen_Anzeigen.asp?id=914,"14., Baumgartner Höhe 1",14,(+43 1) 910 60-21620,
STATIONENOGD.1399,1399,POINT (16.278564757374582 48.20741805176079),Sozialmedizinisches Zentrum Baumgartner Höhe Otto-Wagner-Spital und Pflegezentrum,Sozialpsychiatrische Station Pavillon 16/3 für Patientinnen und Patienten mit ungeradem Geburtsjahr,http://www.wienkav.at/kav/ows/Medstellen_Anzeigen.asp?id=917,"14., Baumgartner Höhe 1",14,(+43 1) 910 60-21630,
STATIONENOGD.1400,1400,POINT (16.278564757374582 48.20741805176079),Sozialmedizinisches Zentrum Baumgartner Höhe Otto-Wagner-Spital und Pflegezentrum,Sozialpsychiatrische Station Pavillon 16/4,http://www.wienkav.at/kav/ows/Medstellen_Anzeigen.asp?id=915,"14., Baumgartner Höhe 1",14,(+43 1) 910 60-21640,
STATIONENOGD.1401,1401,POINT (16.278564757374582 48.20741805176079),Sozialmedizinisches Zentrum Baumgartner Höhe Otto-Wagner-Spital und Pflegezentrum,Spezialambulanz für perinatale Psychiatrie Pavillon 18/2,http://www.wienkav.at/kav/ows/Medstellen_Anzeigen.asp?id=2890,"14., Baumgartner Höhe 1",14,(+43 1) 910 60-21820,
STATIONENOGD.1251,1251,POINT (16.30417940882522 48.210773467645055),Wilhelminenspital,Säuglingsstation,http://www.wienkav.at/kav/wil/Medstellen_Anzeigen.asp?id=3188,"16., Montleartstraße 37",16,(+43 1) 491 50-2980,
STATIONENOGD.1252,1252,POINT (16.30417940882522 48.210773467645055),Wilhelminenspital,Station A,http://www.wienkav.at/kav/wil/Medstellen_Anzeigen.asp?id=857,"16., Montleartstraße 37",16,(+43 1) 491 50-4520,
STATIONENOGD.1253,1253,POINT (16.30417940882522 48.210773467645055),Wilhelminenspital,Dermatologische Wochenklinik 3.Ebene Nord (7 Bettenstation),http://www.wienkav.at/kav/wil/Medstellen_Anzeigen.asp?id=3138,"16., Montleartstraße 37",16,(+43 1) 491 50-2720,
STATIONENOGD.1254,1254,POINT (16.30417940882522 48.210773467645055),Wilhelminenspital,Normalpflegestation Dermatologie 3. Ebene Süd (27 Bettenstation),http://www.wienkav.at/kav/wil/Medstellen_Anzeigen.asp?id=865,"16., Montleartstraße 37",16,(+43 1) 491 50-2730,
STATIONENOGD.1264,1264,POINT (16.30417940882522 48.210773467645055),Wilhelminenspital,Station C-Ost: Kreisszimmer und Kinderzimmer,http://www.wienkav.at/kav/wil/Medstellen_Anzeigen.asp?id=858,"16., Montleartstraße 37",16,(+43 1) 491 50-Kinderzimmer Kl,
STATIONENOGD.1265,1265,POINT (16.30417940882522 48.210773467645055),Wilhelminenspital,Station C-West: Geburtshilfliche Bettenstation,http://www.wienkav.at/kav/wil/Medstellen_Anzeigen.asp?id=860,"16., Montleartstraße 37",16,(+43 1) 491 50-4720,
STATIONENOGD.1266,1266,POINT (16.30417940882522 48.210773467645055),Wilhelminenspital,Station D-Ost: Gynäkologische Bettenstation,http://www.wienkav.at/kav/wil/Medstellen_Anzeigen.asp?id=861,"16., Montleartstraße 37",16,(+43 1) 491 50-4740,
STATIONENOGD.1267,1267,POINT (16.30417940882522 48.210773467645055),Wilhelminenspital,Stationen:,http://www.wienkav.at/kav/wil/Medstellen_Anzeigen.asp?id=1252,"16., Montleartstraße 37",16,(+43 1) 491 50-4708,
STATIONENOGD.1286,1286,POINT (16.30417940882522 48.210773467645055),Wilhelminenspital,"Radiologietechnologie Unfall, ZRI",http://www.wienkav.at/kav/wil/Medstellen_Anzeigen.asp?id=3128,"16., Montleartstraße 37",16,(+43 1) 491 50-1305,
STATIONENOGD.1287,1287,POINT (16.30417940882522 48.210773467645055),Wilhelminenspital,Biomedizinische Analytik,http://www.wienkav.at/kav/wil/Medstellen_Anzeigen.asp?id=3125,"16., Montleartstraße 37",16,(+43 1) 491 50-1305,
STATIONENOGD.1288,1288,POINT (16.30417940882522 48.210773467645055),Wilhelminenspital,Desinfektion,http://www.wienkav.at/kav/wil/Medstellen_Anzeigen.asp?id=3131,"16., Montleartstraße 37",16,(+43 1) 491 50-1305,
STATIONENOGD.1289,1289,POINT (16.30417940882522 48.210773467645055),Wilhelminenspital,Diätbüro,http://www.wienkav.at/kav/wil/Medstellen_Anzeigen.asp?id=3122,"16., Montleartstraße 37",16,(+43 1) 491 50-1088,
STATIONENOGD.1290,1290,POINT (16.30417940882522 48.210773467645055),Wilhelminenspital,Hebammen,http://www.wienkav.at/kav/wil/Medstellen_Anzeigen.asp?id=3126,"16., Montleartstraße 37",16,(+43 1) 491 50-1305,
STATIONENOGD.1291,1291,POINT (16.30417940882522 48.210773467645055),Wilhelminenspital,Logopädie,http://www.wienkav.at/kav/wil/Medstellen_Anzeigen.asp?id=818,"16., Montleartstraße 37",16,(+43 1) 491 50-3903,
STATIONENOGD.1292,1292,POINT (16.30417940882522 48.210773467645055),Wilhelminenspital,OP-Gehilfen,http://www.wienkav.at/kav/wil/Medstellen_Anzeigen.asp?id=3129,"16., Montleartstraße 37",16,(+43 1) 491 50-1305,
STATIONENOGD.1293,1293,POINT (16.30417940882522 48.210773467645055),Wilhelminenspital,Orthoptik,http://www.wienkav.at/kav/wil/Medstellen_Anzeigen.asp?id=3127,"16., Montleartstraße 37",16,(+43 1) 491 50-3911,
STATIONENOGD.1294,1294,POINT (16.30417940882522 48.210773467645055),Wilhelminenspital,"Physiotherapie, Ergotherapie",http://www.wienkav.at/kav/wil/Medstellen_Anzeigen.asp?id=3123,"16., Montleartstraße 37",16,(+43 1) 491 50-3405,
STATIONENOGD.1295,1295,POINT (16.30417940882522 48.210773467645055),Wilhelminenspital,Prosekturgehilfen,http://www.wienkav.at/kav/wil/Medstellen_Anzeigen.asp?id=3130,"16., Montleartstraße 37",16,(+43 1) 491 50-1305,
STATIONENOGD.1296,1296,POINT (16.30417940882522 48.210773467645055),Wilhelminenspital,"Radiologietechnologie Nuk , Radioonko",http://www.wienkav.at/kav/wil/Medstellen_Anzeigen.asp?id=3124,"16., Montleartstraße 37",16,(+43 1) 491 50-1305,
STATIONENOGD.1297,1297,POINT (16.30417940882522 48.210773467645055),Wilhelminenspital,Akut-Nachbehandlung Pavillon 26,http://www.wienkav.at/kav/wil/Medstellen_Anzeigen.asp?id=875,"16., Montleartstraße 37",16,(+43 1) 491 50-2020,
STATIONENOGD.1298,1298,POINT (16.30417940882522 48.210773467645055),Wilhelminenspital,Akut-Nachbehandlung Pavillon 7/9,http://www.wienkav.at/kav/wil/Medstellen_Anzeigen.asp?id=876,"16., Montleartstraße 37",16,(+43 1) 491 50-2031,
STATIONENOGD.1299,1299,POINT (16.30417940882522 48.210773467645055),Wilhelminenspital,Station A Pavillon 26,http://www.wienkav.at/kav/wil/Medstellen_Anzeigen.asp?id=877,"16., Montleartstraße 37",16,(+43 1) 491 50-2021,
STATIONENOGD.1300,1300,POINT (16.30417940882522 48.210773467645055),Wilhelminenspital,Station Pavillon 7,http://www.wienkav.at/kav/wil/Medstellen_Anzeigen.asp?id=878,"16., Montleartstraße 37",16,(+43 1) 491 50-2031,
STATIONENOGD.1301,1301,POINT (16.30417940882522 48.210773467645055),Wilhelminenspital,B-Station,http://www.wienkav.at/kav/wil/Medstellen_Anzeigen.asp?id=854,"16., Montleartstraße 37",16,(+43 1) 491 50-4350,
STATIONENOGD.1302,1302,POINT (16.30417940882522 48.210773467645055),Wilhelminenspital,E-Station,http://www.wienkav.at/kav/wil/Medstellen_Anzeigen.asp?id=855,"16., Montleartstraße 37",16,(+43 1) 491 50-4330,
STATIONENOGD.1303,1303,POINT (16.30417940882522 48.210773467645055),Wilhelminenspital,F-Station,http://www.wienkav.at/kav/wil/Medstellen_Anzeigen.asp?id=856,"16., Montleartstraße 37",16,(+43 1) 491 50-4340,
STATIONENOGD.1304,1304,POINT (16.30417940882522 48.210773467645055),Wilhelminenspital,Station F - Ost,http://www.wienkav.at/kav/wil/Medstellen_Anzeigen.asp?id=862,"16., Montleartstraße 37",16,(+43 1) 491 50-4820,
STATIONENOGD.1305,1305,POINT (16.30417940882522 48.210773467645055),Wilhelminenspital,Station F - West,http://www.wienkav.at/kav/wil/Medstellen_Anzeigen.asp?id=863,"16., Montleartstraße 37",16,(+43 1) 491 50-4830,
STATIONENOGD.1320,1320,POINT (16.339941962724772 48.19815139075698),Sozialmedizinisches Zentrum Sophienspital,Interne Station A-Ost,http://www.wienkav.at/kav/ssk/Medstellen_Anzeigen.asp?id=918,"7., Apollogasse 19",7,(+43 1) 521 03-2110,
STATIONENOGD.1321,1321,POINT (16.339941962724772 48.19815139075698),Sozialmedizinisches Zentrum Sophienspital,Interne Station A-West,http://www.wienkav.at/kav/ssk/Medstellen_Anzeigen.asp?id=46,"7., Apollogasse 19",7,(+43 1) 521 03-2120,
STATIONENOGD.1322,1322,POINT (16.339941962724772 48.19815139075698),Sozialmedizinisches Zentrum Sophienspital,Interne Station F,http://www.wienkav.at/kav/ssk/Medstellen_Anzeigen.asp?id=422,"7., Apollogasse 19",7,(+43 1) 521 03-2550,
STATIONENOGD.1323,1323,POINT (16.339941962724772 48.19815139075698),Sozialmedizinisches Zentrum Sophienspital,Interne Station G,http://www.wienkav.at/kav/ssk/Medstellen_Anzeigen.asp?id=919,"7., Apollogasse 19",7,(+43 1) 521 03-2551,
STATIONENOGD.1328,1328,POINT (16.322298710584075 48.22811587432908),Orthopädisches Krankenhaus Gersthof,OP,http://www.wienkav.at/kav/ger/Medstellen_Anzeigen.asp?id=170,"18., Wielemansgasse 28",18,(+43 1) 476 11-4361,
STATIONENOGD.1329,1329,POINT (16.322298710584075 48.22811587432908),Orthopädisches Krankenhaus Gersthof,Station A,http://www.wienkav.at/kav/ger/Medstellen_Anzeigen.asp?id=171,"18., Wielemansgasse 28",18,(+43 1) 476 11-4310,
STATIONENOGD.1330,1330,POINT (16.322298710584075 48.22811587432908),Orthopädisches Krankenhaus Gersthof,Station B,http://www.wienkav.at/kav/ger/Medstellen_Anzeigen.asp?id=172,"18., Wielemansgasse 28",18,(+43 1) 476 11-4320,
STATIONENOGD.1331,1331,POINT (16.322298710584075 48.22811587432908),Orthopädisches Krankenhaus Gersthof,Station C,http://www.wienkav.at/kav/ger/Medstellen_Anzeigen.asp?id=167,"18., Wielemansgasse 28",18,(+43 1) 476 11-4330,
STATIONENOGD.1332,1332,POINT (16.322298710584075 48.22811587432908),Orthopädisches Krankenhaus Gersthof,Station D,http://www.wienkav.at/kav/ger/Medstellen_Anzeigen.asp?id=168,"18., Wielemansgasse 28",18,(+43 1) 476 11-4340,
STATIONENOGD.1333,1333,POINT (16.322298710584075 48.22811587432908),Orthopädisches Krankenhaus Gersthof,Station E,http://www.wienkav.at/kav/ger/Medstellen_Anzeigen.asp?id=169,"18., Wielemansgasse 28",18,(+43 1) 476 11-4350,
STATIONENOGD.1334,1334,POINT (16.464207358277807 48.21900715284194),Sozialmedizinisches Zentrum Ost - Donauspital,Internistische Intensivstation,http://www.wienkav.at/kav/dsp/Medstellen_Anzeigen.asp?id=18,"22., Langobardenstraße 122",22,(+43 1) 288 02-3182 oder 3188,
STATIONENOGD.1335,1335,POINT (16.464207358277807 48.21900715284194),Sozialmedizinisches Zentrum Ost - Donauspital,Station 55 Kardiologie,http://www.wienkav.at/kav/dsp/Medstellen_Anzeigen.asp?id=16,"22., Langobardenstraße 122",22,(+43 1) 288 02-3128 oder 3135,
STATIONENOGD.1336,1336,POINT (16.464207358277807 48.21900715284194),Sozialmedizinisches Zentrum Ost - Donauspital,Station 65 Angiologie,http://www.wienkav.at/kav/dsp/Medstellen_Anzeigen.asp?id=20,"22., Langobardenstraße 122",22,(+43 1) 288 02-3132 oder 3131,
STATIONENOGD.1337,1337,POINT (16.464207358277807 48.21900715284194),Sozialmedizinisches Zentrum Ost - Donauspital,Station 66 Kardiologie,http://www.wienkav.at/kav/dsp/Medstellen_Anzeigen.asp?id=21,"22., Langobardenstraße 122",22,(+43 1) 288 02-3133 oder 3134,
STATIONENOGD.1339,1339,POINT (16.464207358277807 48.21900715284194),Sozialmedizinisches Zentrum Ost - Donauspital,Station 35: Allgemeine Interne Station mit Gastroenterologie und Hämato-Onkologie,http://www.wienkav.at/kav/dsp/Medstellen_Anzeigen.asp?id=380,"22., Langobardenstraße 122",22,(+43 1) 288 02-3230 oder 3231,
STATIONENOGD.1340,1340,POINT (16.464207358277807 48.21900715284194),Sozialmedizinisches Zentrum Ost - Donauspital,Station 36: Gastroenterologie und Hepatologie,http://www.wienkav.at/kav/dsp/Medstellen_Anzeigen.asp?id=381,"22., Langobardenstraße 122",22,(+43 1) 288 02-3220 oder 3221,
STATIONENOGD.1341,1341,POINT (16.464207358277807 48.21900715284194),Sozialmedizinisches Zentrum Ost - Donauspital,Station 46: Hämatologie und Onkologie,http://www.wienkav.at/kav/dsp/Medstellen_Anzeigen.asp?id=382,"22., Langobardenstraße 122",22,(+43 1) 288 02-3240 oder 3241,
STATIONENOGD.1342,1342,POINT (16.464207358277807 48.21900715284194),Sozialmedizinisches Zentrum Ost - Donauspital,Dialysestation,http://www.wienkav.at/kav/dsp/Medstellen_Anzeigen.asp?id=17,"22., Langobardenstraße 122",22,(+43 1) 288 02-5410 oder 5411,
STATIONENOGD.1343,1343,POINT (16.464207358277807 48.21900715284194),Sozialmedizinisches Zentrum Ost - Donauspital,Station 56 Nephrologie,http://www.wienkav.at/kav/dsp/Medstellen_Anzeigen.asp?id=19,"22., Langobardenstraße 122",22,(+43 1) 288 02-3129 oder 3130,
STATIONENOGD.1344,1344,POINT (16.464207358277807 48.21900715284194),Sozialmedizinisches Zentrum Ost - Donauspital,Anästhesiologische Intensivstation:,http://www.wienkav.at/kav/dsp/Medstellen_Anzeigen.asp?id=405,"22., Langobardenstraße 122",22,(+43 1) 288 02-3391 oder 3392,
STATIONENOGD.1345,1345,POINT (16.464207358277807 48.21900715284194),Sozialmedizinisches Zentrum Ost - Donauspital,Kinderintensivstation:,http://www.wienkav.at/kav/dsp/Medstellen_Anzeigen.asp?id=395,"22., Langobardenstraße 122",22,(+43 1) 288 02-4463 oder 4469,
STATIONENOGD.1346,1346,POINT (16.464207358277807 48.21900715284194),Sozialmedizinisches Zentrum Ost - Donauspital,Station 33:,http://www.wienkav.at/kav/dsp/Medstellen_Anzeigen.asp?id=389,"22., Langobardenstraße 122",22,"(+43 1) 288 02-4425, 4426",
STATIONENOGD.1347,1347,POINT (16.464207358277807 48.21900715284194),Sozialmedizinisches Zentrum Ost - Donauspital,Station 44:,http://www.wienkav.at/kav/dsp/Medstellen_Anzeigen.asp?id=394,"22., Langobardenstraße 122",22,(+43 1) 288 02-4427 oder 4428,
STATIONENOGD.1348,1348,POINT (16.464207358277807 48.21900715284194),Sozialmedizinisches Zentrum Ost - Donauspital,Milchküche:,http://www.wienkav.at/kav/dsp/Medstellen_Anzeigen.asp?id=392,"22., Langobardenstraße 122",22,(+43 1) 288 02-4333 oder 4334,
STATIONENOGD.1349,1349,POINT (16.464207358277807 48.21900715284194),Sozialmedizinisches Zentrum Ost - Donauspital,Neonatologie,http://www.wienkav.at/kav/dsp/Medstellen_Anzeigen.asp?id=391,"22., Langobardenstraße 122",22,(+43 1) 288 02-4432 oder 4433,
STATIONENOGD.1072,1072,POINT (16.278674677972262 48.16922394815937),Krankenhaus Hietzing mit Neurologischem Zentrum Rosenhügel,Aufwachraum,http://www.wienkav.at/kav/khr/Medstellen_Anzeigen.asp?id=2154,"13., Wolkersbergenstraße 1",13,(+43 1) 801 10-2292,
STATIONENOGD.1073,1073,POINT (16.278674677972262 48.16922394815937),Krankenhaus Hietzing mit Neurologischem Zentrum Rosenhügel,Geburtshilfliche Station / Kreißsaal / Kinderzimmer,http://www.wienkav.at/kav/khr/Medstellen_Anzeigen.asp?id=1211,"13., Wolkersbergenstraße 1",13,(+43 1) 801 10-2302,
STATIONENOGD.1074,1074,POINT (16.278674677972262 48.16922394815937),Krankenhaus Hietzing mit Neurologischem Zentrum Rosenhügel,Gynäkologische Station,http://www.wienkav.at/kav/khr/Medstellen_Anzeigen.asp?id=1212,"13., Wolkersbergenstraße 1",13,(+43 1) 801 10-2301,
STATIONENOGD.1079,1079,POINT (16.278674677972262 48.16922394815937),Krankenhaus Hietzing mit Neurologischem Zentrum Rosenhügel,HNO 1.Stock,http://www.wienkav.at/kav/khr/Medstellen_Anzeigen.asp?id=432,"13., Wolkersbergenstraße 1",13,"(+43 1) 801 10-2309, 2317, 230",
STATIONENOGD.1109,1109,POINT (16.278674677972262 48.16922394815937),Krankenhaus Hietzing mit Neurologischem Zentrum Rosenhügel,Station C 1 - Kinderpsychiatrische Station,http://www.wienkav.at/kav/khr/Medstellen_Anzeigen.asp?id=902,"13., Wolkersbergenstraße 1",13,(+43 1) 801 10-325,
STATIONENOGD.1110,1110,POINT (16.278674677972262 48.16922394815937),Krankenhaus Hietzing mit Neurologischem Zentrum Rosenhügel,Station C 2 - Jugendpsychiatrische Station,http://www.wienkav.at/kav/khr/Medstellen_Anzeigen.asp?id=903,"13., Wolkersbergenstraße 1",13,(+43 1) 801 10-328,
STATIONENOGD.1111,1111,POINT (16.278674677972262 48.16922394815937),Krankenhaus Hietzing mit Neurologischem Zentrum Rosenhügel,Station C 3 - Behindertenpsychiatrie,http://www.wienkav.at/kav/khr/Medstellen_Anzeigen.asp?id=904,"13., Wolkersbergenstraße 1",13,(+43 1) 801 10-348,
STATIONENOGD.1112,1112,POINT (16.278674677972262 48.16922394815937),Krankenhaus Hietzing mit Neurologischem Zentrum Rosenhügel,Neuro Parterre links A,http://www.wienkav.at/kav/khr/Medstellen_Anzeigen.asp?id=1186,"13., Wolkersbergenstraße 1",13,(+43 1) 801 10-3434,
STATIONENOGD.1113,1113,POINT (16.278674677972262 48.16922394815937),Krankenhaus Hietzing mit Neurologischem Zentrum Rosenhügel,Neuro Parterre links C,http://www.wienkav.at/kav/khr/Medstellen_Anzeigen.asp?id=1187,"13., Wolkersbergenstraße 1",13,(+43 1) 801 10-3434,
STATIONENOGD.1114,1114,POINT (16.278674677972262 48.16922394815937),Krankenhaus Hietzing mit Neurologischem Zentrum Rosenhügel,Neuro Parterre rechts A,http://www.wienkav.at/kav/khr/Medstellen_Anzeigen.asp?id=1188,"13., Wolkersbergenstraße 1",13,(+43 1) 801 10-3435,
STATIONENOGD.1115,1115,POINT (16.278674677972262 48.16922394815937),Krankenhaus Hietzing mit Neurologischem Zentrum Rosenhügel,Neuro Parterre rechts B,http://www.wienkav.at/kav/khr/Medstellen_Anzeigen.asp?id=1189,"13., Wolkersbergenstraße 1",13,(+43 1) 801 10-3435,
STATIONENOGD.1116,1116,POINT (16.278674677972262 48.16922394815937),Krankenhaus Hietzing mit Neurologischem Zentrum Rosenhügel,Neuro Parterre rechts C,http://www.wienkav.at/kav/khr/Medstellen_Anzeigen.asp?id=1190,"13., Wolkersbergenstraße 1",13,(+43 1) 801 10-3435,
STATIONENOGD.1117,1117,POINT (16.278674677972262 48.16922394815937),Krankenhaus Hietzing mit Neurologischem Zentrum Rosenhügel,Neuro Stroke Unit,http://www.wienkav.at/kav/khr/Medstellen_Anzeigen.asp?id=1191,"13., Wolkersbergenstraße 1",13,(+43 1) 801 10-3691,
STATIONENOGD.1119,1119,POINT (16.278674677972262 48.16922394815937),Krankenhaus Hietzing mit Neurologischem Zentrum Rosenhügel,Geräte,http://www.wienkav.at/kav/khr/Medstellen_Anzeigen.asp?id=1233,"13., Wolkersbergenstraße 1",13,(+43 1) 801 10-2322,
STATIONENOGD.1120,1120,POINT (16.278674677972262 48.16922394815937),Krankenhaus Hietzing mit Neurologischem Zentrum Rosenhügel,Station,http://www.wienkav.at/kav/khr/Medstellen_Anzeigen.asp?id=1232,"13., Wolkersbergenstraße 1",13,(+43 1) 801 10-2329,
STATIONENOGD.1121,1121,POINT (16.278674677972262 48.16922394815937),Krankenhaus Hietzing mit Neurologischem Zentrum Rosenhügel,Aufwachstation,http://www.wienkav.at/kav/khr/Medstellen_Anzeigen.asp?id=1216,"13., Wolkersbergenstraße 1",13,(+43 1) 801 10-2285,
STATIONENOGD.1122,1122,POINT (16.278674677972262 48.16922394815937),Krankenhaus Hietzing mit Neurologischem Zentrum Rosenhügel,Bettenstation,http://www.wienkav.at/kav/khr/Medstellen_Anzeigen.asp?id=1215,"13., Wolkersbergenstraße 1",13,(+43 1) 801 10-2675,
STATIONENOGD.1123,1123,POINT (16.390827972181082 48.196348761482355),Krankenanstalt Rudolfstiftung inklusive Standort Semmelweis Frauenklinik,Station 7A,http://www.wienkav.at/kav/kar/Medstellen_Anzeigen.asp?id=621,"3., Juchgasse 25",3,(+43 1) 711 65-4121,
STATIONENOGD.1124,1124,POINT (16.390827972181082 48.196348761482355),Krankenanstalt Rudolfstiftung inklusive Standort Semmelweis Frauenklinik,Station 7B,http://www.wienkav.at/kav/kar/Medstellen_Anzeigen.asp?id=641,"3., Juchgasse 25",3,(+43 1) 711 65-4141,
STATIONENOGD.1126,1126,POINT (16.390827972181082 48.196348761482355),Krankenanstalt Rudolfstiftung inklusive Standort Semmelweis Frauenklinik,Station 10A (Onkologie),http://www.wienkav.at/kav/kar/Medstellen_Anzeigen.asp?id=598,"3., Juchgasse 25",3,(+43 1) 711 65-2121,
STATIONENOGD.1127,1127,POINT (16.390827972181082 48.196348761482355),Krankenanstalt Rudolfstiftung inklusive Standort Semmelweis Frauenklinik,Station 11A (Diabetes und Stoffwechsel),http://www.wienkav.at/kav/kar/Medstellen_Anzeigen.asp?id=599,"3., Juchgasse 25",3,(+43 1) 711 65-2131,
STATIONENOGD.1128,1128,POINT (16.390827972181082 48.196348761482355),Krankenanstalt Rudolfstiftung inklusive Standort Semmelweis Frauenklinik,Station 11B (Diabetes und Stoffwechsel),http://www.wienkav.at/kav/kar/Medstellen_Anzeigen.asp?id=600,"3., Juchgasse 25",3,(+43 1) 711 65-2141,
STATIONENOGD.1130,1130,POINT (16.390827972181082 48.196348761482355),Krankenanstalt Rudolfstiftung inklusive Standort Semmelweis Frauenklinik,Station 5A Chirurgie und Urologie,http://www.wienkav.at/kav/kar/Medstellen_Anzeigen.asp?id=644,"3., Juchgasse 25",3,(+43 1) 711 65-4221,
STATIONENOGD.1131,1131,POINT (16.390827972181082 48.196348761482355),Krankenanstalt Rudolfstiftung inklusive Standort Semmelweis Frauenklinik,Station 6B,http://www.wienkav.at/kav/kar/Medstellen_Anzeigen.asp?id=622,"3., Juchgasse 25",3,(+43 1) 711 65-4231,
STATIONENOGD.1132,1132,POINT (16.390827972181082 48.196348761482355),Krankenanstalt Rudolfstiftung inklusive Standort Semmelweis Frauenklinik,IMC- Überwachungsstation,http://www.wienkav.at/kav/kar/Medstellen_Anzeigen.asp?id=1645,"3., Juchgasse 25",3,(+43 1) 711 65-2233,
STATIONENOGD.1133,1133,POINT (16.390827972181082 48.196348761482355),Krankenanstalt Rudolfstiftung inklusive Standort Semmelweis Frauenklinik,Intensivstation 12A,http://www.wienkav.at/kav/kar/Medstellen_Anzeigen.asp?id=636,"3., Juchgasse 25",3,(+43 1) 711 65-2225,
STATIONENOGD.1134,1134,POINT (16.390827972181082 48.196348761482355),Krankenanstalt Rudolfstiftung inklusive Standort Semmelweis Frauenklinik,Station 12B,http://www.wienkav.at/kav/kar/Medstellen_Anzeigen.asp?id=637,"3., Juchgasse 25",3,(+43 1) 711 65-2231,
STATIONENOGD.1135,1135,POINT (16.390827972181082 48.196348761482355),Krankenanstalt Rudolfstiftung inklusive Standort Semmelweis Frauenklinik,Station 13A,http://www.wienkav.at/kav/kar/Medstellen_Anzeigen.asp?id=638,"3., Juchgasse 25",3,(+43 1) 711 65-2241,
STATIONENOGD.1136,1136,POINT (16.390827972181082 48.196348761482355),Krankenanstalt Rudolfstiftung inklusive Standort Semmelweis Frauenklinik,Station 13B,http://www.wienkav.at/kav/kar/Medstellen_Anzeigen.asp?id=639,"3., Juchgasse 25",3,(+43 1) 711 65-2251,
STATIONENOGD.1138,1138,POINT (16.390827972181082 48.196348761482355),Krankenanstalt Rudolfstiftung inklusive Standort Semmelweis Frauenklinik,Station 4B,http://www.wienkav.at/kav/kar/Medstellen_Anzeigen.asp?id=2186,"3., Juchgasse 25",3,(+43 1) 711 65-2321,
STATIONENOGD.1140,1140,POINT (16.390827972181082 48.196348761482355),Krankenanstalt Rudolfstiftung inklusive Standort Semmelweis Frauenklinik,Station 10B,http://www.wienkav.at/kav/kar/Medstellen_Anzeigen.asp?id=618,"3., Juchgasse 25",3,(+43 1) 711 65-2431,
STATIONENOGD.1141,1141,POINT (16.390827972181082 48.196348761482355),Krankenanstalt Rudolfstiftung inklusive Standort Semmelweis Frauenklinik,Station 6A,http://www.wienkav.at/kav/kar/Medstellen_Anzeigen.asp?id=619,"3., Juchgasse 25",3,(+43 1) 711 65-2421,
STATIONENOGD.1142,1142,POINT (16.390827972181082 48.196348761482355),Krankenanstalt Rudolfstiftung inklusive Standort Semmelweis Frauenklinik,24-Stunden-Aufwachraum,http://www.wienkav.at/kav/kar/Medstellen_Anzeigen.asp?id=629,"3., Juchgasse 25",3,(+43 1) 711 65-4530,
STATIONENOGD.1143,1143,POINT (16.390827972181082 48.196348761482355),Krankenanstalt Rudolfstiftung inklusive Standort Semmelweis Frauenklinik,Anästhesie,http://www.wienkav.at/kav/kar/Medstellen_Anzeigen.asp?id=630,"3., Juchgasse 25",3,(+43 1) 711 65-94090,
STATIONENOGD.1145,1145,POINT (16.390827972181082 48.196348761482355),Krankenanstalt Rudolfstiftung inklusive Standort Semmelweis Frauenklinik,Intensivbehandlungsstation,http://www.wienkav.at/kav/kar/Medstellen_Anzeigen.asp?id=631,"3., Juchgasse 25",3,(+43 1) 711 65-4531,
STATIONENOGD.1147,1147,POINT (16.390827972181082 48.196348761482355),Krankenanstalt Rudolfstiftung inklusive Standort Semmelweis Frauenklinik,Dermatologische Station 3A,http://www.wienkav.at/kav/kar/Medstellen_Anzeigen.asp?id=688,"3., Juchgasse 25",3,(+43 1) 711 65-2740,
STATIONENOGD.1149,1149,POINT (16.390827972181082 48.196348761482355),Krankenanstalt Rudolfstiftung inklusive Standort Semmelweis Frauenklinik,Station 14B,http://www.wienkav.at/kav/kar/Medstellen_Anzeigen.asp?id=632,"3., Juchgasse 25",3,(+43 1) 711 65-2632,
STATIONENOGD.1150,1150,POINT (16.390827972181082 48.196348761482355),Krankenanstalt Rudolfstiftung inklusive Standort Semmelweis Frauenklinik,Station 1A: Dept. f. Neonatologie,http://www.wienkav.at/kav/kar/Medstellen_Anzeigen.asp?id=633,"3., Juchgasse 25",3,(+43 1) 711 65-4720,
STATIONENOGD.1152,1152,POINT (16.390827972181082 48.196348761482355),Krankenanstalt Rudolfstiftung inklusive Standort Semmelweis Frauenklinik,Station 1B,http://www.wienkav.at/kav/kar/Medstellen_Anzeigen.asp?id=2201,"3., Juchgasse 25",3,(+43 1) 711 65-4421,
STATIONENOGD.1154,1154,POINT (16.390827972181082 48.196348761482355),Krankenanstalt Rudolfstiftung inklusive Standort Semmelweis Frauenklinik,Station 3B,http://www.wienkav.at/kav/kar/Medstellen_Anzeigen.asp?id=1558,"3., Juchgasse 25",3,(+43 1) 711 65-4631,
STATIONENOGD.1155,1155,POINT (16.390827972181082 48.196348761482355),Krankenanstalt Rudolfstiftung inklusive Standort Semmelweis Frauenklinik,Geburtshilfliche Station 1A,http://www.wienkav.at/kav/kar/Medstellen_Anzeigen.asp?id=671,"3., Juchgasse 25",3,(+43 1) 711 65-4734,
STATIONENOGD.1156,1156,POINT (16.390827972181082 48.196348761482355),Krankenanstalt Rudolfstiftung inklusive Standort Semmelweis Frauenklinik,Gynäkologische Station 4A,http://www.wienkav.at/kav/kar/Medstellen_Anzeigen.asp?id=672,"3., Juchgasse 25",3,(+43 1) 711 65-4761,
STATIONENOGD.1157,1157,POINT (16.390827972181082 48.196348761482355),Krankenanstalt Rudolfstiftung inklusive Standort Semmelweis Frauenklinik,Kinderzimmer,http://www.wienkav.at/kav/kar/Medstellen_Anzeigen.asp?id=673,"3., Juchgasse 25",3,(+43 1) 711 65-4721,
STATIONENOGD.1158,1158,POINT (16.390827972181082 48.196348761482355),Krankenanstalt Rudolfstiftung inklusive Standort Semmelweis Frauenklinik,Kreißsaal,http://www.wienkav.at/kav/kar/Medstellen_Anzeigen.asp?id=674,"3., Juchgasse 25",3,(+43 1) 711 65-4732,
STATIONENOGD.1159,1159,POINT (16.390827972181082 48.196348761482355),Krankenanstalt Rudolfstiftung inklusive Standort Semmelweis Frauenklinik,Neonatologie,http://www.wienkav.at/kav/kar/Medstellen_Anzeigen.asp?id=675,"3., Juchgasse 25",3,(+43 1) 711 65-4720,
STATIONENOGD.1160,1160,POINT (16.390827972181082 48.196348761482355),Krankenanstalt Rudolfstiftung inklusive Standort Semmelweis Frauenklinik,Neonatologie-Nachsorgestation,http://www.wienkav.at/kav/kar/Medstellen_Anzeigen.asp?id=676,"3., Juchgasse 25",3,(+43 1) 711 65-4721,
STATIONENOGD.1175,1175,POINT (16.390827972181082 48.196348761482355),Krankenanstalt Rudolfstiftung inklusive Standort Semmelweis Frauenklinik,Station 8A,http://www.wienkav.at/kav/kar/Medstellen_Anzeigen.asp?id=50,"3., Juchgasse 25",3,(+43 1) 711 65-4321,
STATIONENOGD.1176,1176,POINT (16.390827972181082 48.196348761482355),Krankenanstalt Rudolfstiftung inklusive Standort Semmelweis Frauenklinik,Station 8B,http://www.wienkav.at/kav/kar/Medstellen_Anzeigen.asp?id=51,"3., Juchgasse 25",3,(+43 1) 711 65-4331,
STATIONENOGD.1177,1177,POINT (16.390827972181082 48.196348761482355),Krankenanstalt Rudolfstiftung inklusive Standort Semmelweis Frauenklinik,Neurologische Station 14A,http://www.wienkav.at/kav/kar/Medstellen_Anzeigen.asp?id=2182,"3., Juchgasse 25",3,(+43 1) 711 65-2030,
STATIONENOGD.1402,1402,POINT (16.278564757374582 48.20741805176079),Sozialmedizinisches Zentrum Baumgartner Höhe Otto-Wagner-Spital und Pflegezentrum,Tagesklinik Pavillon 18/2,http://www.wienkav.at/kav/ows/Medstellen_Anzeigen.asp?id=2892,"14., Baumgartner Höhe 1",14,(+43 1) 910 60-21878,
