FID,OBJECTID,SHAPE,BEZIRK,STRASSE,ONR,TELEFON,OEFFNUNGSZEIT,INFORMATION,ABTEILUNG,KATEGORIE,SE_ANNO_CAD_DATA
WCANLAGEOGD.137665,137665,POINT (16.349716564962275 48.1807602023042),5,Eichenstr. / Fendig. (Abgang zur Straßenbahn),,+43 (1) 546 48,Mo-So: 0-24 Uhr,http://www.wien.gv.at/umwelt/ma48/sauberestadt/wc/index.html,M48,WC-Anlage ohne Wartepersonal,
WCANLAGEOGD.137666,137666,POINT (16.388175521852077 48.15655649334741),10,Volkspark Laaerberg (nähe Freilufttheater),,+43 (1) 546 48,Mo-So: 0-24 Uhr,http://www.wien.gv.at/umwelt/ma48/sauberestadt/wc/index.html,M48,WC-Anlage ohne Wartepersonal,
WCANLAGEOGD.137667,137667,POINT (16.358497345751864 48.222873927380846),9,Liechtensteinpark,,+43 (1) 546 48,Mo-So: 0-24 Uhr,http://www.wien.gv.at/umwelt/ma48/sauberestadt/wc/index.html,M48,WC-Anlage ohne Wartepersonal,
WCANLAGEOGD.137668,137668,POINT (16.401646429127073 48.15132874578907),10,WIG 74 (Eingang Nord),,+43 (1) 546 48,Mo-So: 0-24 Uhr,http://www.wien.gv.at/umwelt/ma48/sauberestadt/wc/index.html,M48,WC-Anlage mit Behindertenkabine und ohne Wartepersonal,
WCANLAGEOGD.137669,137669,POINT (16.33841335993129 48.177634927961975),12,Aßmayergasse / Karl-Löwe-Gasse,,+43 (1) 546 48,Mo-So: 0-24 Uhr,http://www.wien.gv.at/umwelt/ma48/sauberestadt/wc/index.html,M48,Pissoir,
WCANLAGEOGD.137670,137670,POINT (16.381173857197737 48.203174542757296),3,Stadtpark (ggü. Reisnerstraße),,+43 (1) 546 48,Mo-So: 0-24 Uhr,http://www.wien.gv.at/umwelt/ma48/sauberestadt/wc/index.html,M48,WC-Anlage ohne Wartepersonal,
WCANLAGEOGD.137671,137671,POINT (16.386613648728474 48.172678636152554),10,Puchsbaumplatz ggü 10,,+43 (1) 546 48,Mo-So: 0-24 Uhr,http://www.wien.gv.at/umwelt/ma48/sauberestadt/wc/index.html,M48,Pissoir,
WCANLAGEOGD.137672,137672,POINT (16.228414012014564 48.20726926258126),14,Hauptstraße/bei der Kirche Mariabrunn,,+43 (1) 546 48,Mo-So: 0-24 Uhr,http://www.wien.gv.at/umwelt/ma48/sauberestadt/wc/index.html,M48,WC-Anlage ohne Wartepersonal,
WCANLAGEOGD.137673,137673,POINT (16.294749096772 48.21519941396266),16,Funkengerngasse/Gallitzinstr.,,+43 (1) 546 48,Mo-So: 0-24 Uhr,http://www.wien.gv.at/umwelt/ma48/sauberestadt/wc/index.html,M48,Pissoir,
WCANLAGEOGD.137674,137674,POINT (16.314740021531833 48.1881922991922),15,Auer Welsbach Park,,+43 (1) 546 48,Mo-So: 0-24 Uhr,http://www.wien.gv.at/umwelt/ma48/sauberestadt/wc/index.html,M48,Pissoir,
WCANLAGEOGD.137675,137675,POINT (16.33324211490534 48.21378060781668),16,Huberpark,,+43 (1) 546 48,Mo-So: 0-24 Uhr,http://www.wien.gv.at/umwelt/ma48/sauberestadt/wc/index.html,M48,WC-Anlage mit Behindertenkabine und ohne Wartepersonal,
WCANLAGEOGD.137676,137676,POINT (16.388742856210655 48.21381243645907),2,Robertstiege (Stiegenanlage unten beim Donaukanal,,+43 (1) 546 48,Mo-So: 0-24 Uhr,http://www.wien.gv.at/umwelt/ma48/sauberestadt/wc/index.html,M48,WC-Anlage ohne Wartepersonal,
WCANLAGEOGD.137677,137677,POINT (16.41608455351179 48.20427409480582),2,Stadionallee / Hauptallee,,+43 (1) 546 48,Mo-So: 0-24 Uhr,http://www.wien.gv.at/umwelt/ma48/sauberestadt/wc/index.html,M48,WC-Anlage ohne Wartepersonal,
WCANLAGEOGD.137678,137678,POINT (16.330693599243666 48.223142200020774),17,Diepoldplatz ,ggü 2,+43 (1) 546 48,Mo-So: 0-24 Uhr,http://www.wien.gv.at/umwelt/ma48/sauberestadt/wc/index.html,M48,WC-Anlage ohne Wartepersonal,
WCANLAGEOGD.137679,137679,POINT (16.33754205536594 48.233978389485586),18,Türkenschanzpark/Gregor Mendel Str./Hasenauerstr.,,+43 (1) 546 48,Mo-So: 0-24 Uhr,http://www.wien.gv.at/umwelt/ma48/sauberestadt/wc/index.html,M48,WC-Anlage ohne Wartepersonal,
WCANLAGEOGD.137680,137680,POINT (16.329444933810738 48.23897861602587),19,Döblinger Friedh./ Hartäckerstraße,,+43 (1) 546 48,Mo-So: 0-24 Uhr,http://www.wien.gv.at/umwelt/ma48/sauberestadt/wc/index.html,M48,Pissoir,
WCANLAGEOGD.137681,137681,POINT (16.32346721628031 48.224116296143684),17,Lidlpark/Roggendorfgasse,ggü 5,+43 (1) 546 48,Mo-So: 0-24 Uhr,http://www.wien.gv.at/umwelt/ma48/sauberestadt/wc/index.html,M48,WC-Anlage mit Behindertenkabine und ohne Wartepersonal,
WCANLAGEOGD.137682,137682,POINT (16.27743162312134 48.240736948995306),17,Schwarzenbergpark,,+43 (1) 546 48,Mo-So: 0-24 Uhr,http://www.wien.gv.at/umwelt/ma48/sauberestadt/wc/index.html,M48,WC-Anlage ohne Wartepersonal,
WCANLAGEOGD.137683,137683,POINT (16.336252214941247 48.2283589179281),18,Aumannplatz(Haltestelle 41),,+43 (1) 546 48,Mo-So: 0-24 Uhr,http://www.wien.gv.at/umwelt/ma48/sauberestadt/wc/index.html,M48,WC-Anlage ohne Wartepersonal,
WCANLAGEOGD.137684,137684,POINT (16.324797585028186 48.233915040462335),18,Bischof Faber Platz,ggü 9,+43 (1) 546 48,Mo-So: 0-24 Uhr,http://www.wien.gv.at/umwelt/ma48/sauberestadt/wc/index.html,M48,Pissoir,
WCANLAGEOGD.137685,137685,POINT (16.34942426498264 48.23203427617724),18,Währinger Park(bei Semperstr.),,+43 (1) 546 48,Mo-So: 0-24 Uhr,http://www.wien.gv.at/umwelt/ma48/sauberestadt/wc/index.html,M48,WC-Anlage ohne Wartepersonal,
WCANLAGEOGD.137686,137686,POINT (16.313012990957418 48.25081889864294),19,Hackenberg (Lagerwiese),,+43 (1) 546 48,Mo-So: 0-24 Uhr,http://www.wien.gv.at/umwelt/ma48/sauberestadt/wc/index.html,M48,WC-Anlage mit Behindertenkabine und ohne Wartepersonal,
WCANLAGEOGD.137687,137687,POINT (16.341229626757123 48.24281184703899),19,Sonnberplatz ggü.6,,+43 (1) 546 48,Mo-So: 0-24 Uhr,http://www.wien.gv.at/umwelt/ma48/sauberestadt/wc/index.html,M48,WC-Anlage ohne Wartepersonal,
WCANLAGEOGD.137688,137688,POINT (16.36181499876001 48.25968503370381),19,Zahnradbahnstr.(Endstelle Linie D),,+43 (1) 546 48,Mo-So: 0-24 Uhr,http://www.wien.gv.at/umwelt/ma48/sauberestadt/wc/index.html,M48,Pissoir,
WCANLAGEOGD.137689,137689,POINT (16.348723893904932 48.194946815427556),6,Loquaiplatz/ggü Königseggasse,,+43 (1) 546 48,Mo-So: 0-24 Uhr,http://www.wien.gv.at/umwelt/ma48/sauberestadt/wc/index.html,M48,WC-Anlage ohne Wartepersonal,
WCANLAGEOGD.137690,137690,POINT (16.37741010864281 48.21744334091108),2,Karmelitermarkt,,+43 (1) 546 48,Mo-So: 0-24 Uhr,http://www.wien.gv.at/umwelt/ma48/sauberestadt/wc/index.html,M48,WC-Anlage ohne Wartepersonal,
WCANLAGEOGD.137691,137691,POINT (16.38023211038023 48.228192617786306),2,Rabbiner-Schneerson-Platz,,+43 (1) 546 48,Mo-So: 0-24 Uhr,http://www.wien.gv.at/umwelt/ma48/sauberestadt/wc/index.html,M48,Pissoir,
WCANLAGEOGD.137692,137692,POINT (16.382759327671963 48.19966857176429),3,Am Modenapark,ggü. 4,+43 (1) 546 48,Mo-So: 0-24 Uhr,http://www.wien.gv.at/umwelt/ma48/sauberestadt/wc/index.html,M48,WC-Anlage ohne Wartepersonal,
WCANLAGEOGD.137693,137693,POINT (16.393720839693753 48.207552570187424),3,Kegelgasse / Löwengasse (Hundertwasserhaus),,+43 (1) 546 48,Mo-So: 0-24 Uhr,http://www.wien.gv.at/umwelt/ma48/sauberestadt/wc/index.html,M48,WC-Anlage mit Wartepersonal,
WCANLAGEOGD.137694,137694,POINT (16.347795347143773 48.18727572910049),5,Am Hundsturm,ggü. 10,+43 (1) 546 48,Mo-So: 0-24 Uhr,http://www.wien.gv.at/umwelt/ma48/sauberestadt/wc/index.html,M48,WC-Anlage ohne Wartepersonal,
WCANLAGEOGD.137695,137695,POINT (16.405142783654885 48.2383330605261),22,"WIG 64 (Donaupark, Kinderspielplatz)",,+43 (1) 546 48,Mo-So: 0-24 Uhr,http://www.wien.gv.at/umwelt/ma48/sauberestadt/wc/index.html,M48,WC-Anlage mit Behindertenkabine und ohne Wartepersonal,
WCANLAGEOGD.137696,137696,POINT (16.4181811239621 48.24068563254264),22,"WIG 64 (Donaupark, Eingang D, Parkplatz)",,+43 (1) 546 48,Mo-So: 0-24 Uhr,http://www.wien.gv.at/umwelt/ma48/sauberestadt/wc/index.html,M48,WC-Anlage mit Behindertenkabine und ohne Wartepersonal,
WCANLAGEOGD.137697,137697,POINT (16.398348695046106 48.14672840913453),10,WIG 74 (West),,+43 (1) 546 48,Mo-So: 0-24 Uhr,http://www.wien.gv.at/umwelt/ma48/sauberestadt/wc/index.html,M48,WC-Anlage mit Behindertenkabine und ohne Wartepersonal,
WCANLAGEOGD.137698,137698,POINT (16.336455805140325 48.151206257156694),23,Inzersdorf/Station Badner Bahn,,+43 (1) 546 48,Mo-So: 0-24 Uhr,http://www.wien.gv.at/umwelt/ma48/sauberestadt/wc/index.html,M48,WC-Anlage ohne Wartepersonal,
WCANLAGEOGD.137699,137699,POINT (16.361397801562326 48.189979411236166),5,Mittersteig (Parkanlage),24 - 28,+43 (1) 546 48,Mo-So: 0-24 Uhr,http://www.wien.gv.at/umwelt/ma48/sauberestadt/wc/index.html,M48,WC-Anlage mit Behindertenkabine und ohne Wartepersonal,
WCANLAGEOGD.137700,137700,POINT (16.274763192445025 48.18077433562493),13,Roter Berg/Heinz Nittel Weg,,+43 (1) 546 48,Mo-So: 0-24 Uhr,http://www.wien.gv.at/umwelt/ma48/sauberestadt/wc/index.html,M48,WC-Anlage ohne Wartepersonal,
WCANLAGEOGD.137701,137701,POINT (16.28231134766869 48.16841920117311),13,Wolkersbergenstr./Jakob Stainer G.,,+43 (1) 546 48,Mo-So: 0-24 Uhr,http://www.wien.gv.at/umwelt/ma48/sauberestadt/wc/index.html,M48,WC-Anlage mit Behindertenkabine und ohne Wartepersonal,
WCANLAGEOGD.137702,137702,POINT (16.397635021330185 48.257912459774374),21,Am Spitz (Amtshaus),1,+43 (1) 546 48,MO-FR: 10-18Uhr,http://www.wien.gv.at/umwelt/ma48/sauberestadt/wc/index.html,M48,WC-Anlage mit Wartepersonal,
WCANLAGEOGD.137703,137703,POINT (16.360393748428354 48.210963049891696),1,Rathauspark/Ring,,+43 (1) 546 48,Mo-SO:10-17 Uhr,http://www.wien.gv.at/umwelt/ma48/sauberestadt/wc/index.html,M48,WC-Anlage mit Wartepersonal,
WCANLAGEOGD.137704,137704,POINT (16.362682649114834 48.21392261754529),1,U2 Schottentor,,+43 (1) 546 48,Mo-Fr: 6-20 Uhr
Sa: 6-19 Uhr
So: 9-19 Uhr,http://www.wien.gv.at/umwelt/ma48/sauberestadt/wc/index.html,M48,WC-Anlage mit Euro-Key-Behindertenkabine und mit Wartepersonal,
WCANLAGEOGD.137705,137705,POINT (16.448280614546732 48.152245807038256),11,Zentralfriedhof/ Tor 3,,+43 (1) 546 48,MO-SO: 8-18 Uhr,http://www.wien.gv.at/umwelt/ma48/sauberestadt/wc/index.html,M48,WC-Anlage mit Wartepersonal,
WCANLAGEOGD.137706,137706,POINT (16.401861338235964 48.26134443839813),21,Floridsdorfer Markt / Pitkagasse,,+43 (1) 546 48,MO-DO: 7-15 Uhr
FR: 7-18 Uhr
SA: 7-14 Uhr,http://www.wien.gv.at/umwelt/ma48/sauberestadt/wc/index.html,M48,WC-Anlage mit Euro-Key-Behindertenkabine und mit Wartepersonal,
WCANLAGEOGD.137707,137707,POINT (16.349954465007357 48.198136289797574),6,Mariahilferstraße/Amerlingstraße,,+43 (1) 546 48,Okt-Apr:Mo-Sa: 9-20 So:10-17 Uhr
Mai-Sep:Mo-Sa:10-21 So:10-17 Uhr,http://www.wien.gv.at/umwelt/ma48/sauberestadt/wc/index.html,M48,WC-Anlage mit Wartepersonal,
WCANLAGEOGD.137708,137708,POINT (16.361981250462264 48.19798759928765),6,Linke Wienzeile,ggü 26,+43 (1) 546 48,MO-FR: 6-18.30 Uhr 
SA: 6-17 Uhr,http://www.wien.gv.at/umwelt/ma48/sauberestadt/wc/index.html,M48,WC-Anlage mit Behindertenkabine und mit Wartepersonal,
WCANLAGEOGD.137709,137709,POINT (16.35952871713862 48.1972666742971),6,Linke Wienzeile,ggü 38,+43 (1) 546 48,MO-FR: 6-18.30 Uhr 
SA: 6-17 Uhr,http://www.wien.gv.at/umwelt/ma48/sauberestadt/wc/index.html,M48,WC-Anlage mit Euro-Key-Behindertenkabine und mit Wartepersonal,
WCANLAGEOGD.137710,137710,POINT (16.337044083259226 48.27609409680688),19,Kahlenberg(Parkpl. unter Bushaltestelle),,+43 (1) 546 48,Mai-Sept. MO-SO: 10:00-20:00
Okt-Apr
Mo-So: 0-24 Uhr,http://www.wien.gv.at/umwelt/ma48/sauberestadt/wc/index.html,M48,WC-Anlage mit Wartepersonal,
WCANLAGEOGD.137711,137711,POINT (16.402723228885115 48.21615130760313),2,Perspektivstraße (Messeparkplatz),,+43 (1) 546 48,Mai-Sept.: 
MO-SO: 9-18 Uhr
Okt-Apr:
Mo-So: 0-24 Uhr,http://www.wien.gv.at/umwelt/ma48/sauberestadt/wc/index.html,M48,WC-Anlage mit Behindertenkabine und mit Wartepersonal,
WCANLAGEOGD.137712,137712,POINT (16.367628468705274 48.210366634873296),1,Irisgasse,,+43 (1) 546 48,Jan-April+Okt-Nov:
Mo-Sa: 9-18 Uhr
Mai-Sep+Dez:
Mo-So: 9-19 Uhr,http://www.wien.gv.at/umwelt/ma48/sauberestadt/wc/index.html,M48,WC-Anlage mit Wartepersonal,
WCANLAGEOGD.137713,137713,POINT (16.332999875003402 48.181075925388626),12,Meidlinger Markt / Niederhofstraße,,+43 (1) 546 48,MO-SA: 6-21:00 Uhr,http://www.wien.gv.at/umwelt/ma48/sauberestadt/wc/index.html,M48,WC-Anlage mit Euro-Key-Behindertenkabine und mit Wartepersonal,
WCANLAGEOGD.137714,137714,POINT (16.363850356619743 48.19889448571193),6,Linke Wienzeile,ggü 12,+43 (1) 546 48,MO-SA: 6-22 Uhr,http://www.wien.gv.at/umwelt/ma48/sauberestadt/wc/index.html,M48,WC-Anlage mit Behindertenkabine und mit Wartepersonal,
WCANLAGEOGD.137715,137715,POINT (16.390693712919113 48.20294980940478),3,Rochusmarkt,,+43 (1) 546 48,MO-FR: 6-18.30 Uhr
SA: 6-14 Uhr,http://www.wien.gv.at/umwelt/ma48/sauberestadt/wc/index.html,M48,WC-Anlage mit Behindertenkabine und mit Wartepersonal,
WCANLAGEOGD.137716,137716,POINT (16.36916824379187 48.20914376841394),1,Am Graben,,+43 (1) 546 48,Jan-April+Okt-Nov:
Mo-Sa: 8-20 Uhr
So:8-17 Uhr
Mai-Sep+Dez:
Mo-Sa: 8-21 Uhr
So:8-20 Uhr,http://www.wien.gv.at/umwelt/ma48/sauberestadt/wc/index.html,M48,WC-Anlage mit Wartepersonal,
WCANLAGEOGD.137717,137717,POINT (16.351047170413402 48.21189655736051),8,Florianigasse ( Schönbornpark ),,+43 (1) 546 48,Mo-So: 0-24 Uhr,http://www.wien.gv.at/umwelt/ma48/sauberestadt/wc/index.html,M48,WC-Anlage ohne Wartepersonal,
WCANLAGEOGD.137718,137718,POINT (16.401568124083813 48.221338129701266),2,Vorgartenmarkt / Ennsgasse,,+43 (1) 546 48,Mo-Do: 8-13 Uhr +Fr-Sa: 7-13 Uhr,http://www.wien.gv.at/umwelt/ma48/sauberestadt/wc/index.html,M48,WC-Anlage mit Euro-Key-Behindertenkabine und mit Wartepersonal,
WCANLAGEOGD.137719,137719,POINT (16.38665585782033 48.29153414670148),21,Strebersdorf / Rußbergstraße (Endstelle Linie 26),,+43 (1) 546 48,Mo-So: 0-24 Uhr,http://www.wien.gv.at/umwelt/ma48/sauberestadt/wc/index.html,M48,WC-Anlage ohne Wartepersonal,
WCANLAGEOGD.137720,137720,POINT (16.391909310641672 48.25600785711084),21,Floridsdorfer Aupark (Eingang ggü. Frömmlg.),,+43 (1) 546 48,Mo-So: 0-24 Uhr,http://www.wien.gv.at/umwelt/ma48/sauberestadt/wc/index.html,M48,Pissoir,
WCANLAGEOGD.137721,137721,POINT (16.3841633554641 48.270082201194555),21,Lorettoplatz / Überfuhrstr.,59 ggü.,+43 (1) 546 48,Mo-So: 0-24 Uhr,http://www.wien.gv.at/umwelt/ma48/sauberestadt/wc/index.html,M48,WC-Anlage mit Behindertenkabine und ohne Wartepersonal,
WCANLAGEOGD.137722,137722,POINT (16.40733280135746 48.25305310830824),21,Kinzerplatz / Scheffelstraße (historisch),,+43 (1) 546 48,Mo-So: 0-24 Uhr,http://www.wien.gv.at/umwelt/ma48/sauberestadt/wc/index.html,M48,Pissoir,
WCANLAGEOGD.137723,137723,POINT (16.40797438425094 48.255090375648706),21,Hoßplatz,11 ggü.,+43 (1) 546 48,Mo-So: 0-24 Uhr,http://www.wien.gv.at/umwelt/ma48/sauberestadt/wc/index.html,M48,WC-Anlage ohne Wartepersonal,
WCANLAGEOGD.137724,137724,POINT (16.42171852297027 48.23155645927116),22,Kaiserwasser (hinter Sportplatz),,+43 (1) 546 48,Mo-So: 0-24 Uhr,http://www.wien.gv.at/umwelt/ma48/sauberestadt/wc/index.html,M48,WC-Anlage ohne Wartepersonal,
WCANLAGEOGD.137725,137725,POINT (16.435479825271816 48.23062189480606),22,Rehlacke/Lagerwiesenweg,,+43 (1) 546 48,Mo-So: 0-24 Uhr,http://www.wien.gv.at/umwelt/ma48/sauberestadt/wc/index.html,M48,WC-Anlage mit Behindertenkabine und ohne Wartepersonal,
WCANLAGEOGD.137726,137726,POINT (16.47932258236879 48.24679878264704),22,"Badeteich Hirschst. (Spargelfeldstr.,Bibernellweg)",,+43 (1) 546 48,Mo-So: 0-24 Uhr,http://www.wien.gv.at/umwelt/ma48/sauberestadt/wc/index.html,M48,WC-Anlage mit Behindertenkabine und ohne Wartepersonal,
WCANLAGEOGD.137727,137727,POINT (16.37199878421158 48.172717563148574),10,Arthaberplatz/Laxenburger Str.,,+43 (1) 546 48,Mo-So: 0-24 Uhr,http://www.wien.gv.at/umwelt/ma48/sauberestadt/wc/index.html,M48,WC-Anlage ohne Wartepersonal,
WCANLAGEOGD.137728,137728,POINT (16.40115032529734 48.19776992538029),3,Kardinal-Nagl-Platz / Erdbergstraße / Rüdengasse,,+43 (1) 546 48,Mo-So: 0-24 Uhr,http://www.wien.gv.at/umwelt/ma48/sauberestadt/wc/index.html,M48,WC-Anlage mit Euro-Key-Behindertenkabine und ohne Wartepersonal,
WCANLAGEOGD.137729,137729,POINT (16.386139774524086 48.23777680048066),20,Allerheiligenplatz,16 ggü.,+43 (1) 546 48,Mo-So: 0-24 Uhr,http://www.wien.gv.at/umwelt/ma48/sauberestadt/wc/index.html,M48,WC-Anlage mit Euro-Key-Behindertenkabine und ohne Wartepersonal,
WCANLAGEOGD.137730,137730,POINT (16.36965429234241 48.22594489627434),20,Gaußplatz (im Park),,+43 (1) 546 48,Mo-So: 0-24 Uhr,http://www.wien.gv.at/umwelt/ma48/sauberestadt/wc/index.html,M48,WC-Anlage mit Euro-Key-Behindertenkabine und ohne Wartepersonal,
WCANLAGEOGD.137731,137731,POINT (16.42362036776664 48.226443034979646),22,Schüttauplatz/Moissigasse,,+43 (1) 546 48,Mo-So: 0-24 Uhr,http://www.wien.gv.at/umwelt/ma48/sauberestadt/wc/index.html,M48,WC-Anlage mit Euro-Key-Behindertenkabine und ohne Wartepersonal,
WCANLAGEOGD.137732,137732,POINT (16.412033162328292 48.24285895634295),22,"WIG 64 (Donaupark, Eingang C, Tennisplatz",,+43 (1) 546 48,Mo-So: 0-24 Uhr,http://www.wien.gv.at/umwelt/ma48/sauberestadt/wc/index.html,M48,WC-Anlage mit Behindertenkabine und ohne Wartepersonal,
WCANLAGEOGD.137733,137733,POINT (16.337777676666626 48.20109388066178),7,Urban Loritz Platz,,+43 (1) 546 48,Mo-So: 0-24 Uhr,http://www.wien.gv.at/umwelt/ma48/sauberestadt/wc/index.html,M48,WC-Anlage mit Euro-Key-Behindertenkabine und ohne Wartepersonal,
WCANLAGEOGD.137734,137734,POINT (16.39869310395997 48.15065889288804),10,WIG 74 (Gschroppenhaus),,+43 (1) 546 48,Mo-So: 0-24 Uhr,http://www.wien.gv.at/umwelt/ma48/sauberestadt/wc/index.html,M48,WC-Anlage mit Euro-Key-Behindertenkabine und ohne Wartepersonal,
WCANLAGEOGD.137735,137735,POINT (16.380434604915493 48.20688827732566),1,Parkring/Wollzeile,,+43 (1) 546 48,Mo-So: 0-24 Uhr,http://www.wien.gv.at/umwelt/ma48/sauberestadt/wc/index.html,M48,WC-Anlage mit Euro-Key-Behindertenkabine und ohne Wartepersonal,
WCANLAGEOGD.137736,137736,POINT (16.359214675629403 48.21155340746628),1,Rathauspark/Felderstraße,,+43 (1) 546 48,Mo-So: 9-17 Uhr,http://www.wien.gv.at/umwelt/ma48/sauberestadt/wc/index.html,M48,WC-Anlage mit Euro-Key-Behindertenkabine und mit Wartepersonal,
WCANLAGEOGD.137737,137737,POINT (16.358459802703525 48.20981139956898),1,Rathauspark/Lichtenfelsgasse,,+43 (1) 546 48,Mo-So: 9-17 Uhr,http://www.wien.gv.at/umwelt/ma48/sauberestadt/wc/index.html,M48,WC-Anlage mit Euro-Key-Behindertenkabine und mit Wartepersonal,
WCANLAGEOGD.137738,137738,POINT (16.364288505183396 48.18316257606572),5,Kliebergasse (Abgang zur Straßenbahnlinie 18),,+43 (1) 546 48,Mo-So: 0-24 Uhr,http://www.wien.gv.at/umwelt/ma48/sauberestadt/wc/index.html,M48,WC-Anlage mit Euro-Key-Behindertenkabine und ohne Wartepersonal,
WCANLAGEOGD.137739,137739,POINT (16.25689161749068 48.1664390871339),13,Hermesstr./Lainzer Tor,,+43 (1) 546 48,Mo-So: 0-24 Uhr,http://www.wien.gv.at/umwelt/ma48/sauberestadt/wc/index.html,M48,WC-Anlage mit Euro-Key-Behindertenkabine und ohne Wartepersonal,
WCANLAGEOGD.137740,137740,POINT (16.42098289921918 48.23067327593677),22,SV Donau/ Kaiserwasser,,+43 (1) 546 48,Mo-So: 0-24 Uhr,http://www.wien.gv.at/umwelt/ma48/sauberestadt/wc/index.html,M48,WC-Anlage mit Behindertenkabine und ohne Wartepersonal,
WCANLAGEOGD.137741,137741,POINT (16.394591654872727 48.25306317858928),21,Wasserpark/A.d.ob.alten Donau,1 ggü.,+43 (1) 546 48,Mo-So: 0-24 Uhr,http://www.wien.gv.at/umwelt/ma48/sauberestadt/wc/index.html,M48,WC-Anlage mit Euro-Key-Behindertenkabine und ohne Wartepersonal,
WCANLAGEOGD.137742,137742,POINT (16.275344623754382 48.197307766567356),14,Baumgartner Casino/Linzerstr.,,+43 (1) 546 48,Mo-So: 0-24 Uhr,http://www.wien.gv.at/umwelt/ma48/sauberestadt/wc/index.html,M48,WC-Anlage mit Euro-Key-Behindertenkabine und ohne Wartepersonal,
WCANLAGEOGD.137743,137743,POINT (16.267728414410147 48.205693462900776),14,Dehnepark/Dehnegasse,,+43 (1) 546 48,Mo-So: 0-24 Uhr,http://www.wien.gv.at/umwelt/ma48/sauberestadt/wc/index.html,M48,WC-Anlage mit Euro-Key-Behindertenkabine und ohne Wartepersonal,
WCANLAGEOGD.137744,137744,POINT (16.363260429223054 48.23075575264569),20,Brigittenauer Lände (ggü. Gerhardusg.),,+43 (1) 546 48,Mo-So: 0-24 Uhr,http://www.wien.gv.at/umwelt/ma48/sauberestadt/wc/index.html,M48,WC-Anlage mit Euro-Key-Behindertenkabine und ohne Wartepersonal,
WCANLAGEOGD.137745,137745,POINT (16.269300375369536 48.1512912769658),23,Mauer Rathauspark / Speisingerstraße,ggü 262,+43 (1) 546 48,Mo-So: 0-24 Uhr,http://www.wien.gv.at/umwelt/ma48/sauberestadt/wc/index.html,M48,WC-Anlage mit Euro-Key-Behindertenkabine und ohne Wartepersonal,
WCANLAGEOGD.137746,137746,POINT (16.41064744622675 48.171759151580474),11,Herder Park,ggü 5,+43 (1) 546 48,Mo-So: 0-24 Uhr,http://www.wien.gv.at/umwelt/ma48/sauberestadt/wc/index.html,M48,WC-Anlage mit Euro-Key-Behindertenkabine und ohne Wartepersonal,
WCANLAGEOGD.137747,137747,POINT (16.41121101035691 48.18168371891339),11,Hybler Park/Pachmayergasse,,+43 (1) 546 48,Mo-So: 0-24 Uhr,http://www.wien.gv.at/umwelt/ma48/sauberestadt/wc/index.html,M48,WC-Anlage mit Euro-Key-Behindertenkabine und ohne Wartepersonal,
WCANLAGEOGD.137748,137748,POINT (16.47454108327757 48.15890204790284),11,Münnichplatz(Kaiserebersdorfer Str.),,+43 (1) 546 48,Mo-So: 0-24 Uhr,http://www.wien.gv.at/umwelt/ma48/sauberestadt/wc/index.html,M48,WC-Anlage mit Euro-Key-Behindertenkabine und ohne Wartepersonal,
WCANLAGEOGD.137749,137749,POINT (16.33358938687711 48.20920929657068),16,Hofferplatz/Thaliastraße,,+43 (1) 546 48,Mo-So: 0-24 Uhr,http://www.wien.gv.at/umwelt/ma48/sauberestadt/wc/index.html,M48,WC-Anlage mit Euro-Key-Behindertenkabine und ohne Wartepersonal,
WCANLAGEOGD.137750,137750,POINT (16.308924187596098 48.21285285415254),16,Stillfriedplatz,,+43 (1) 546 48,Mo-So: 0-24 Uhr,http://www.wien.gv.at/umwelt/ma48/sauberestadt/wc/index.html,M48,WC-Anlage mit Euro-Key-Behindertenkabine und ohne Wartepersonal,
WCANLAGEOGD.137751,137751,POINT (16.3357917150809 48.213298994706236),16,Yppenplatz/Markt,,+43 (1) 546 48,Mo-So: 0-24 Uhr,http://www.wien.gv.at/umwelt/ma48/sauberestadt/wc/index.html,M48,WC-Anlage mit Euro-Key-Behindertenkabine und ohne Wartepersonal,
WCANLAGEOGD.137752,137752,POINT (16.33462070664864 48.22146333887699),17,Dornerplatz,ggü 9,+43 (1) 546 48,Mo-So: 0-24 Uhr,http://www.wien.gv.at/umwelt/ma48/sauberestadt/wc/index.html,M48,WC-Anlage mit Euro-Key-Behindertenkabine und ohne Wartepersonal,
WCANLAGEOGD.137753,137753,POINT (16.336732513313855 48.22359948975178),18,Johann Nepomuk Vogel Platz/Markt,,+43 (1) 546 48,Mo-So: 0-24 Uhr,http://www.wien.gv.at/umwelt/ma48/sauberestadt/wc/index.html,M48,WC-Anlage mit Euro-Key-Behindertenkabine und ohne Wartepersonal,
WCANLAGEOGD.137754,137754,POINT (16.321194550835667 48.26406399804724),19,Am Cobenzl,,+43 (1) 546 48,April-Sept. Mo-So: 0-24 Uhr,http://www.wien.gv.at/umwelt/ma48/sauberestadt/wc/index.html,M48,WC-Anlage mit Euro-Key-Behindertenkabine und ohne Wartepersonal,
WCANLAGEOGD.137755,137755,POINT (16.31024116542187 48.241391723939365),18,Pötzleinsdorfer Str./Endstelle 41,,+43 (1) 546 48,Mo-So: 0-24 Uhr,http://www.wien.gv.at/umwelt/ma48/sauberestadt/wc/index.html,M48,WC-Anlage ohne Wartepersonal,
WCANLAGEOGD.137756,137756,POINT (16.333674282657125 48.234276542047304),18,Türkenschanzpark/Kinderspielplatz,,+43 (1) 546 48,Mo-So: 0-24 Uhr,http://www.wien.gv.at/umwelt/ma48/sauberestadt/wc/index.html,M48,WC-Anlage mit Behindertenkabine und ohne Wartepersonal,
WCANLAGEOGD.137757,137757,POINT (16.35559814408962 48.20652567990226),7,Weghuberpark/Museumstraße,,+43 (1) 546 48,Mo-So: 0-24 Uhr,http://www.wien.gv.at/umwelt/ma48/sauberestadt/wc/index.html,M48,WC-Anlage mit Behindertenkabine und ohne Wartepersonal,
WCANLAGEOGD.137758,137758,POINT (16.347931789385942 48.19875292799694),7,Andreaspark,,+43 (1) 546 48,Mo-So: 0-24 Uhr,http://www.wien.gv.at/umwelt/ma48/sauberestadt/wc/index.html,M48,WC-Anlage mit Behindertenkabine und ohne Wartepersonal,
WCANLAGEOGD.137759,137759,POINT (16.3344748491606 48.20572583151942),16,Ludo Hartmann Platz/Brunneng.,,+43 (1) 546 48,Mo-So: 0-24 Uhr,http://www.wien.gv.at/umwelt/ma48/sauberestadt/wc/index.html,M48,WC-Anlage mit Behindertenkabine und ohne Wartepersonal,
WCANLAGEOGD.137760,137760,POINT (16.341075358545556 48.207431262097856),7,Josef Strauß Park,,+43 (1) 546 48,Mo-So: 0-24 Uhr,http://www.wien.gv.at/umwelt/ma48/sauberestadt/wc/index.html,M48,WC-Anlage mit Behindertenkabine und ohne Wartepersonal,
WCANLAGEOGD.137761,137761,POINT (16.352370240345994 48.22944575054921),9,Helene-Deutsch-Park,,+43 (1) 546 48,Mo-So: 7-20 Uhr,http://www.wien.gv.at/umwelt/ma48/sauberestadt/wc/index.html,M48,WC-Anlage mit Euro-Key-Behindertenkabine und ohne Wartepersonal,
WCANLAGEOGD.137762,137762,POINT (16.362017974108312 48.1983612941336),6,Alfred-Grünwald-Park,,+43 (1) 546 48,Mo-So: 0-24 Uhr,http://www.wien.gv.at/umwelt/ma48/sauberestadt/wc/index.html,M48,WC-Anlage mit Behindertenkabine und ohne Wartepersonal,
WCANLAGEOGD.137763,137763,POINT (16.32774020160658 48.21011081312502),16,Richard Wagner Platz/Thaliastr.,,+43 (1) 546 48,Mo-So: 0-24 Uhr,http://www.wien.gv.at/umwelt/ma48/sauberestadt/wc/index.html,M48,WC-Anlage mit Behindertenkabine und ohne Wartepersonal,
WCANLAGEOGD.137764,137764,POINT (16.244663428808906 48.204469333827824),14,Hütteldorfer Frdh./Bierhäuselbergg.,,+43 (1) 546 48,Mo-So: 0-24 Uhr,http://www.wien.gv.at/umwelt/ma48/sauberestadt/wc/index.html,M48,WC-Anlage ohne Wartepersonal,
WCANLAGEOGD.137765,137765,POINT (16.355230550823862 48.18787910880354),5,Bacherplatz,ggü. 10,+43 (1) 546 48,Mo-So: 0-24 Uhr,http://www.wien.gv.at/umwelt/ma48/sauberestadt/wc/index.html,M48,WC-Anlage mit Euro-Key-Behindertenkabine und ohne Wartepersonal,
WCANLAGEOGD.137766,137766,POINT (16.407280702031937 48.246761298568636),21,Dragonerhäufel (Lagerwiese bei Kleingärten),,+43 (1) 546 48,Mo-So: 0-24 Uhr,http://www.wien.gv.at/umwelt/ma48/sauberestadt/wc/index.html,M48,WC-Anlage ohne Wartepersonal,
WCANLAGEOGD.137767,137767,POINT (16.255891447496275 48.20253614495303),14,Linzerstr.(Endst. 49),,+43 (1) 546 48,Mo-So: 0-24 Uhr
,http://www.wien.gv.at/umwelt/ma48/sauberestadt/wc/index.html,M48,WC-Anlage mit Behindertenkabine und ohne Wartepersonal,
WCANLAGEOGD.137768,137768,POINT (16.35650577398775 48.19659273528361),6,Linke Wienzeile,ggü 60,+43 (1) 546 48,Mo-So: 0-24 Uhr,http://www.wien.gv.at/umwelt/ma48/sauberestadt/wc/index.html,M48,WC-Anlage mit Behindertenkabine und ohne Wartepersonal,
WCANLAGEOGD.137769,137769,POINT (16.479611051171904 48.242003919254536),22,Badeteich Hirschst. (Ziegelhofstr. ggü. 36),,+43 (1) 546 48,Mo-So: 0-24 Uhr,http://www.wien.gv.at/umwelt/ma48/sauberestadt/wc/index.html,M48,WC-Anlage mit Behindertenkabine und ohne Wartepersonal,
WCANLAGEOGD.137770,137770,POINT (16.484785021112007 48.27586173449024),22,Badeteich Süßenbrunn Anlage 53,,+43 (1) 546 48,Mo-So: 0-24 Uhr,http://www.wien.gv.at/umwelt/ma48/sauberestadt/wc/index.html,M48,WC-Anlage ohne Wartepersonal,
WCANLAGEOGD.137771,137771,POINT (16.48777948790516 48.27744149368364),22,Badeteich Süßenbrunn Anlage 55,,+43 (1) 546 48,Mo-So: 0-24 Uhr,http://www.wien.gv.at/umwelt/ma48/sauberestadt/wc/index.html,M48,WC-Anlage ohne Wartepersonal,
WCANLAGEOGD.137772,137772,POINT (16.33945741534672 48.18167291236935),12,Steinbauerpark / Steinbauergasse,,+43 (1) 546 48,Mo-So: 0-24 Uhr,http://www.wien.gv.at/umwelt/ma48/sauberestadt/wc/index.html,M48,WC-Anlage mit Euro-Key-Behindertenkabine und ohne Wartepersonal,
WCANLAGEOGD.137773,137773,POINT (16.36748408764686 48.187041185177286),4,Alois-Drasche-Park / Seisgasse,,+43 (1) 546 48,Mo-So: 0-24 Uhr,http://www.wien.gv.at/umwelt/ma48/sauberestadt/wc/index.html,M48,WC-Anlage mit Euro-Key-Behindertenkabine und ohne Wartepersonal,
WCANLAGEOGD.137774,137774,POINT (16.402946260672007 48.18399981236092),3,St. Marxer Friedhof,,+43 (1) 546 48,Mo-So: 0-24 Uhr,http://www.wien.gv.at/umwelt/ma48/sauberestadt/wc/index.html,M48,WC-Anlage ohne Wartepersonal,
WCANLAGEOGD.137775,137775,POINT (16.364335514083358 48.180171725718495),10,Waldmüllerpark / Dampfgasse,,+43 (1) 546 48,Mo-So: 0-24 Uhr,http://www.wien.gv.at/umwelt/ma48/sauberestadt/wc/index.html,M48,WC-Anlage mit Euro-Key-Behindertenkabine und ohne Wartepersonal,
WCANLAGEOGD.137776,137776,POINT (16.401455960715253 48.14712671288949),10,WIG 74 (Mitte),,+43 (1) 546 48,Mo-So: 0-24 Uhr,http://www.wien.gv.at/umwelt/ma48/sauberestadt/wc/index.html,M48,WC-Anlage mit Behindertenkabine und ohne Wartepersonal,
WCANLAGEOGD.137777,137777,POINT (16.302534604552996 48.185725815342025),13,Am Platz,,+43 (1) 546 48,Mo-So: 0-24 Uhr,http://www.wien.gv.at/umwelt/ma48/sauberestadt/wc/index.html,M48,WC-Anlage mit Euro-Key-Behindertenkabine und ohne Wartepersonal,
WCANLAGEOGD.137778,137778,POINT (16.260521376373184 48.19602319060446),13,Lilienberggasse/Hietzinger Kai,,+43 (1) 546 48,Mo-So: 0-24 Uhr,http://www.wien.gv.at/umwelt/ma48/sauberestadt/wc/index.html,M48,Pissoir,
WCANLAGEOGD.137779,137779,POINT (16.37818689319181 48.171939678253025),10,Antonsplatz/Schröttergasse,,+43 (1) 546 48,Mo-So: 0-24 Uhr,http://www.wien.gv.at/umwelt/ma48/sauberestadt/wc/index.html,M48,Pissoir,
WCANLAGEOGD.137780,137780,POINT (16.29238744921649 48.182672225123355),13,Alois Krauß Prom./Gloriettegasse,,+43 (1) 546 48,Mo-So: 0-24 Uhr,http://www.wien.gv.at/umwelt/ma48/sauberestadt/wc/index.html,M48,Pissoir,
WCANLAGEOGD.137781,137781,POINT (16.28179846161304 48.13560149857859),23,Liesinger Anger (vis a vis Lehmang.3a),,+43 (1) 546 48,Mo-So: 7-22 Uhr,http://www.wien.gv.at/umwelt/ma48/sauberestadt/wc/index.html,M48,WC-Anlage mit Euro-Key-Behindertenkabine und ohne Wartepersonal,
WCANLAGEOGD.137782,137782,POINT (16.263179320449076 48.1323229569195),23,Rodaun/Endstelle Linie 60,,+43 (1) 546 48,Mo-So: 0-24 Uhr,http://www.wien.gv.at/umwelt/ma48/sauberestadt/wc/index.html,M48,WC-Anlage ohne Wartepersonal,
WCANLAGEOGD.137783,137783,POINT (16.386354138026817 48.22281312488214),2,Volkertmarkt ,,+43 (1) 546 48,Mo-So: 0-24 Uhr,http://www.wien.gv.at/umwelt/ma48/sauberestadt/wc/index.html,M48,WC-Anlage mit Euro-Key-Behindertenkabine und ohne Wartepersonal,
WCANLAGEOGD.137784,137784,POINT (16.39662914678981 48.22633381852381),2,Rudolf-Bednar-Park,,+43 (1) 546 48,Mo-So: 0-24 Uhr,http://www.wien.gv.at/umwelt/ma48/sauberestadt/wc/index.html,M48,WC-Anlage mit Euro-Key-Behindertenkabine und ohne Wartepersonal,
WCANLAGEOGD.137785,137785,POINT (16.384387045039077 48.217693273327676),2,Odeongasse /Tiefgarageneingang,neben 2A,+43 (1) 546 48,Mo-So: 0-24 Uhr,http://www.wien.gv.at/umwelt/ma48/sauberestadt/wc/index.html,M48,WC-Anlage mit Euro-Key-Behindertenkabine und ohne Wartepersonal,
WCANLAGEOGD.137786,137786,POINT (16.40469700126208 48.2236350535401),2,Mexikoplatz / Ennsgasse,ggü. 16,+43 (1) 546 48,Mo-So: 0-24 Uhr,http://www.wien.gv.at/umwelt/ma48/sauberestadt/wc/index.html,M48,WC-Anlage ohne Wartepersonal,
WCANLAGEOGD.137787,137787,POINT (16.404910541277832 48.20658151658313),2,Jesuitenwiese ( Mitte Rotundenallee),,+43 (1) 546 48,Mo-So: 0-24 Uhr,http://www.wien.gv.at/umwelt/ma48/sauberestadt/wc/index.html,M48,WC-Anlage ohne Wartepersonal,
WCANLAGEOGD.137788,137788,POINT (16.370912863730776 48.21887649541851),2,Augartenbrücke / Obere Donaustraße,,+43 (1) 546 48,Mo-So: 0-24 Uhr,http://www.wien.gv.at/umwelt/ma48/sauberestadt/wc/index.html,M48,Pissoir,
WCANLAGEOGD.137789,137789,POINT (16.40029757655754 48.220642812280495),2,Max-Winter-Platz,,+43 (1) 546 48,Mo-So: 0-24 Uhr,http://www.wien.gv.at/umwelt/ma48/sauberestadt/wc/index.html,M48,WC-Anlage mit Euro-Key-Behindertenkabine und ohne Wartepersonal,
WCANLAGEOGD.137790,137790,POINT (16.251686311764136 48.20202283556097),14,Ferdinand Wolf Park,,+43 (1) 546 48,Mo-So: 0-24 Uhr,http://www.wien.gv.at/umwelt/ma48/sauberestadt/wc/index.html,M48,WC-Anlage mit Behindertenkabine und ohne Wartepersonal,
WCANLAGEOGD.137791,137791,POINT (16.27955383723274 48.20052146212554),14,Baumgartner Frdh./Waidhausenstr.,,+43 (1) 546 48,Mo-So: 0-24 Uhr,http://www.wien.gv.at/umwelt/ma48/sauberestadt/wc/index.html,M48,WC-Anlage ohne Wartepersonal,
WCANLAGEOGD.137792,137792,POINT (16.262084380600278 48.210251804973765),14,Steinböckengasse/Eichenweg,,+43 (1) 546 48,Mo-So: 0-24 Uhr,http://www.wien.gv.at/umwelt/ma48/sauberestadt/wc/index.html,M48,WC-Anlage mit Behindertenkabine und ohne Wartepersonal,
WCANLAGEOGD.137793,137793,POINT (16.258748041503207 48.198337750705),14,Keißlergasse/Brudermanngasse,,+43 (1) 546 48,Mo-So: 0-24 Uhr,http://www.wien.gv.at/umwelt/ma48/sauberestadt/wc/index.html,M48,WC-Anlage mit Euro-Key-Behindertenkabine und ohne Wartepersonal,
WCANLAGEOGD.137794,137794,POINT (16.246790494561086 48.21078547600098),14,Wolfersberg/ Lagerwiese,,+43 (1) 546 48,Mo-So: 0-24 Uhr,http://www.wien.gv.at/umwelt/ma48/sauberestadt/wc/index.html,M48,WC-Anlage ohne Wartepersonal,
WCANLAGEOGD.137795,137795,POINT (16.27766695186822 48.215036822357476),16,Johann Staud Straße/Heschweg,,+43 (1) 546 48,Mo-So: 0-24 Uhr,http://www.wien.gv.at/umwelt/ma48/sauberestadt/wc/index.html,M48,WC-Anlage mit Euro-Key-Behindertenkabine und ohne Wartepersonal,
WCANLAGEOGD.137796,137796,POINT (16.41772832625373 48.23169499757005),22,"""Arcotel"" Wagramer Straße",8,+43 (1) 546 48,,http://www.wien.gv.at/umwelt/ma48/sauberestadt/wc/index.html,M48,WC-Anlage mit Euro-Key-Behindertenkabine und ohne Wartepersonal,
WCANLAGEOGD.137797,137797,POINT (16.420506610757727 48.29787041657457),21,Stammersdorf / Bahnhofplatz (Endstelle Linie 31),,+43 (1) 546 48,Mo-So: 0-24 Uhr,http://www.wien.gv.at/umwelt/ma48/sauberestadt/wc/index.html,M48,WC-Anlage ohne Wartepersonal,
WCANLAGEOGD.137798,137798,POINT (16.36861706225369 48.23205908506517),20,Hannovermarkt/Hannoverg.,29 ggü.,+43 (1) 546 48,Mo-So: 0-24 Uhr,http://www.wien.gv.at/umwelt/ma48/sauberestadt/wc/index.html,M48,WC-Anlage mit Euro-Key-Behindertenkabine und ohne Wartepersonal,
WCANLAGEOGD.137799,137799,POINT (16.408391507650926 48.27672306570335),21,Frauenstiftgasse / Brünner Straße,,+43 (1) 546 48,Mo-So: 0-24 Uhr,http://www.wien.gv.at/umwelt/ma48/sauberestadt/wc/index.html,M48,WC-Anlage mit Behindertenkabine und ohne Wartepersonal,
WCANLAGEOGD.137800,137800,POINT (16.371532249082136 48.229964843951166),20,Wallensteinplatz,,+43 (1) 546 48,Mo-So: 0-24 Uhr,http://www.wien.gv.at/umwelt/ma48/sauberestadt/wc/index.html,M48,WC-Anlage mit Euro-Key-Behindertenkabine und ohne Wartepersonal,
WCANLAGEOGD.137801,137801,POINT (16.489067443532207 48.27532343827438),22,Badeteich Süßenbrunn Anlage 54,,+43 (1) 546 48,Mo-So: 0-24 Uhr,http://www.wien.gv.at/umwelt/ma48/sauberestadt/wc/index.html,M48,WC-Anlage ohne Wartepersonal,
WCANLAGEOGD.137802,137802,POINT (16.3108218569388 48.227367308830566),17,Alszeile/Friedhof,,+43 (1) 546 48,Mo-So: 0-24 Uhr,http://www.wien.gv.at/umwelt/ma48/sauberestadt/wc/index.html,M48,Pissoir,
WCANLAGEOGD.137803,137803,POINT (16.310748438530478 48.227443977262574),17,Dornbacher Friedhof,,+43 (1) 546 48,Mo-So: 0-24 Uhr,http://www.wien.gv.at/umwelt/ma48/sauberestadt/wc/index.html,M48,WC-Anlage ohne Wartepersonal,
WCANLAGEOGD.137804,137804,POINT (16.379560249745325 48.24431076291839),20,Fr. Engels Platz (Haltestelle 31 und 33),,+43 (1) 546 48,Mo-So: 0-24 Uhr,http://www.wien.gv.at/umwelt/ma48/sauberestadt/wc/index.html,M48,WC-Anlage ohne Wartepersonal,
WCANLAGEOGD.137805,137805,POINT (16.31961167662676 48.22501114071009),17,Leopold Kunschak Platz/Hernalser Friedhof,,+43 (1) 546 48,Mo-So: 0-24 Uhr,http://www.wien.gv.at/umwelt/ma48/sauberestadt/wc/index.html,M48,WC-Anlage ohne Wartepersonal,
WCANLAGEOGD.137806,137806,POINT (16.344801089083187 48.22521157692139),18,Kutschkermarkt,,+43 (1) 546 48,Mo-So: 0-24 Uhr,http://www.wien.gv.at/umwelt/ma48/sauberestadt/wc/index.html,M48,WC-Anlage mit Behindertenkabine und ohne Wartepersonal,
WCANLAGEOGD.137807,137807,POINT (16.339316518654517 48.227060351310406),18,Schubertpark,,+43 (1) 546 48,Mo-So: 0-24 Uhr,http://www.wien.gv.at/umwelt/ma48/sauberestadt/wc/index.html,M48,WC-Anlage mit Euro-Key-Behindertenkabine und ohne Wartepersonal,
WCANLAGEOGD.137808,137808,POINT (16.36735362828523 48.257776025431895),19,Nußdorfer Markt/Sickenbergg.,,+43 (1) 546 48,Mo-So: 0-24 Uhr,http://www.wien.gv.at/umwelt/ma48/sauberestadt/wc/index.html,M48,WC-Anlage ohne Wartepersonal,
WCANLAGEOGD.137809,137809,POINT (16.36746665933311 48.260346653463316),19,Nußdorfer Platz/Heiligenstädterstr.,,+43 (1) 546 48,Mo-So: 0-24 Uhr,http://www.wien.gv.at/umwelt/ma48/sauberestadt/wc/index.html,M48,WC-Anlage ohne Wartepersonal,
WCANLAGEOGD.137810,137810,POINT (16.3213148671501 48.251980966783286),19,Sieveringer Straße ggü 177,,+43 (1) 546 48,Mo-So: 0-24 Uhr,http://www.wien.gv.at/umwelt/ma48/sauberestadt/wc/index.html,M48,Pissoir,
WCANLAGEOGD.137811,137811,POINT (16.29171396295948 48.233298954097265),17,Rudolf-Kirchschläger-Platz,,+43 (1) 546 48,Mo-So: 0-24 Uhr,http://www.wien.gv.at/umwelt/ma48/sauberestadt/wc/index.html,M48,WC-Anlage mit Euro-Key-Behindertenkabine und ohne Wartepersonal,
WCANLAGEOGD.137812,137812,POINT (16.419067722969753 48.23915494101316),22,"WIG 64 (Donaupark, Sparefroh)",,+43 (1) 546 48,Mo-So: 0-24 Uhr,http://www.wien.gv.at/umwelt/ma48/sauberestadt/wc/index.html,M48,WC-Anlage mit Behindertenkabine und ohne Wartepersonal,
WCANLAGEOGD.137813,137813,POINT (16.38789224463998 48.229872423188276),2,Mistplatz Zwischenbrücken (Dresdnerstr.119),,,Mo-Sa: 7-18 Uhr,,M48,WC-Anlage ohne Wartepersonal,
WCANLAGEOGD.137814,137814,POINT (16.44761689116679 48.212388651591326),,Mistplatz Stadlau (Mühlwasserstr.2),,,Mo-Sa: 7-18 Uhr,,M48,WC-Anlage ohne Wartepersonal,
WCANLAGEOGD.137815,137815,POINT (16.50043893993274 48.251046804792466),,Mistplatz Breitenlee (Breitenleerstr.268),,,Mo-Sa: 7-18 Uhr,,M48,WC-Anlage ohne Wartepersonal,
WCANLAGEOGD.137816,137816,POINT (16.30950381036854 48.20419116629743),,Mistplatz Ottakring (Kendlerstr.38),,,Mo-Sa: 7-18 Uhr,,M48,WC-Anlage ohne Wartepersonal,
WCANLAGEOGD.137817,137817,POINT (16.400764866818264 48.18611416948925),3,Mistplatz Landstraße (Grasbergerg.1-3),,,Mo-Sa: 7-18 Uhr,,M48,WC-Anlage ohne Wartepersonal,
WCANLAGEOGD.137818,137818,POINT (16.320632038372292 48.22506235417387),,Mistplatz Hernals (Richthausenstr.4),,,Mo-Sa: 7-18 Uhr,,M48,WC-Anlage ohne Wartepersonal,
WCANLAGEOGD.137819,137819,POINT (16.3680578878358 48.25533278367634),19,MistplatzHeiligenstadt (Grinzingerstr. 151),151,,Mo-Sa: 7-18 Uhr,,M48,WC-Anlage mit Euro-Key-Behindertenkabine und ohne Wartepersonal,
WCANLAGEOGD.137820,137820,POINT (16.367464325253312 48.142644974402046),,Mistplatz Inzersdorf (Südrandstr.2),,,Mo-Sa: 7-18 Uhr,,M48,WC-Anlage ohne Wartepersonal,
WCANLAGEOGD.137821,137821,POINT (16.455285821586475 48.17721502449073),11,Mistplatz Simmering ((Johann Petrakg.1-3),,,Mo-Sa: 7-18 Uhr,,M48,WC-Anlage mit Behindertenkabine und ohne Wartepersonal,
WCANLAGEOGD.137822,137822,POINT (16.417164137895842 48.222663947168236),22,Donauinsel Anlage Glaspalast,,+43 (1) 4000 96 500,Mo-So: 0-24 Uhr,https://www.wien.gv.at/umwelt/wasserbau/donauinsel/,M45,WC-Anlage mit Euro-Key-Behindertenkabine und ohne Wartepersonal,
WCANLAGEOGD.137823,137823,POINT (16.40420649307552 48.22725199476612),2,Handelskai (bei  Reichsbrücke rechter Donaudamm/F),,+43 (1) 4000 96 500,Mo-So: 0-24 Uhr,https://www.wien.gv.at/umwelt/wasserbau/donauinsel/,M45,WC-Anlage mit Behindertenkabine und mit Wartepersonal,
WCANLAGEOGD.137824,137824,POINT (16.41807288979131 48.22730719500461),22,Am Kaisermühlendamm (ggü. Jungmaisg.),,+43 (1) 4000 96 500,Mo-So: 0-24 Uhr,https://www.wien.gv.at/umwelt/wasserbau/donauinsel/,M45,WC-Anlage mit Behindertenkabine und ohne Wartepersonal,
WCANLAGEOGD.137825,137825,POINT (16.423646147452647 48.223141278556014),22,Am Kaisermühlendamm (ggü. Berchtoldg.),,+43 (1) 4000 96 500,Mo-So: 0-24 Uhr,https://www.wien.gv.at/umwelt/wasserbau/donauinsel/,M45,WC-Anlage mit Behindertenkabine und ohne Wartepersonal,
WCANLAGEOGD.137826,137826,POINT (16.402966820860108 48.228224468417515),2,Handelskai ( rechter Donaudamm/D) ,ggü. 154,+43 (1) 4000 96 500,Mo-So: 0-24 Uhr,https://www.wien.gv.at/umwelt/wasserbau/donauinsel/,M45,WC-Anlage mit Behindertenkabine und ohne Wartepersonal,
